,date,score_title,score_summary
0,2023-04-17,-0.050246828546126686,-0.060826936115821205
1,2023-04-16,0.06479099546285237,-0.11626474430565448
2,2023-04-15,-0.08482440446327993,-0.0448331373523255
3,2023-04-14,-0.01610008952090399,-0.030108257554479875
4,2023-04-13,0.011381293174448272,0.006126675471871458
5,2023-04-12,-0.0960140128833397,-0.028551153882290237
6,2023-04-11,-0.06203803699463606,0.06906465412973145
7,2023-04-10,0.04916543904691935,0.19093078321052923
8,2023-04-09,0.15672307989249626,-0.037470221743677506
9,2023-04-08,-0.5239570289850235,-0.44728547893464565
10,2023-04-07,-0.21708026049392565,-0.1666735125084718
11,2023-04-06,-0.10067058557077595,-0.15690141959466794
12,2023-04-05,-0.18842821680009364,-0.1707827255129814
13,2023-04-04,-0.2641125318101224,-0.08580016350629283
14,2023-04-03,-0.13954288973227927,-0.02314527816416925
15,2023-04-02,-0.36130716651678085,-0.35467586666345596
16,2023-04-01,0.053894358687102795,0.40741549525409937
17,2023-03-31,-0.1977354995906353,-0.28035788717679677
18,2023-03-30,-0.1179244780743664,-0.048072519063046486
19,2023-03-29,-0.022300200071185827,0.17687759132434927
20,2023-03-28,-0.2512543734729938,-0.005125125357206304
21,2023-03-27,0.028740787346448218,0.0905892119875976
22,2023-03-26,-0.005032493599823543,0.026885215858263627
23,2023-03-25,-0.1740598864853382,-0.2549515478312969
24,2023-03-24,-0.16226075116831523,-0.1121693762162557
25,2023-03-23,-0.18647566320080505,-0.019877699546908077
26,2023-03-22,-0.12440139278769494,-0.028541925667770307
27,2023-03-21,-0.16713514223340012,-0.10359748730820321
28,2023-03-20,-0.2511461792141199,-0.09323852594445149
29,2023-03-19,-0.20515909790992737,-0.20649158023297787
30,2023-03-18,-0.274031812697649,0.3169930398464203
31,2023-03-17,-0.3353252463042736,-0.32727707028388975
32,2023-03-16,-0.16603035976489386,-0.21804776056497188
33,2023-03-15,-0.4287290800362825,-0.19535714220255612
34,2023-03-14,-0.10694781683074932,0.06474696058366033
35,2023-03-13,-0.044529509213235646,0.07384216303212775
36,2023-03-12,-0.02652798593044281,0.12469035883744557
37,2023-03-11,-0.408024818636477,-0.08506054322545727
38,2023-03-10,-0.06861425371219715,0.024309250189080128
39,2023-03-09,-0.40441926596686245,-0.2161581671796739
40,2023-03-08,-0.1376825178352495,-0.06184410340049201
41,2023-03-07,-0.07522385550493543,0.09410187974572182
42,2023-03-06,0.06946245115250349,0.19684980250895023
43,2023-03-05,-0.07803500536829233,0.2831839616410434
44,2023-03-04,-0.3579786762595177,-0.612739372998476
45,2023-03-03,-0.1301481614354998,-0.10546732236010331
46,2023-03-02,-0.10272779274317953,-0.27104967563516563
47,2023-03-01,-0.2035519638183442,-0.017184544439342888
48,2023-02-28,-0.13062213762448385,0.06037708429189829
49,2023-02-27,-0.243600965405886,-0.05148782920187864
50,2023-02-26,0.21052946299314498,-0.10955070455869038
51,2023-02-25,-0.41465291753411293,-0.4273640811443329
52,2023-02-24,-0.004780242685228586,-0.12358387970986465
53,2023-02-23,-0.3503678125432796,-0.13918999955058098
54,2023-02-22,-0.05377473785645432,-0.225539353798592
55,2023-02-21,0.007966408412903548,-0.014505640634646011
56,2023-02-20,-0.46846390919138986,-0.26013625506311655
57,2023-02-19,0.3696387708187103,0.5272665843367577
58,2023-02-18,-0.1863812357187271,-0.08419806013504665
59,2023-02-17,-0.19093757215887308,-0.12040318067496021
60,2023-02-16,-0.3846503182624777,-0.17379375014247164
61,2023-02-15,-0.3515545043416999,-0.2561930086125027
62,2023-02-14,-0.2810524832457304,-0.2394888335149045
63,2023-02-13,-0.15370855364017189,-0.0831886109081097
64,2023-02-12,-0.6203936915844679,-0.5896803201176226
65,2023-02-11,-0.32517699152231216,-0.6144456956535578
66,2023-02-10,0.01684075645688507,-0.12635565145562092
67,2023-02-09,-0.3042717784643173,-0.3810308203101158
68,2023-02-08,-0.2874422850196852,-0.266138781026444
69,2023-02-07,-0.1131432627638181,-0.16655620352514547
70,2023-02-06,-0.1974159586978586,-0.194406953045076
71,2023-02-05,-0.49112528190016747,0.03644182085990906
72,2023-02-04,-0.05972301587462425,-0.22909868073960146
73,2023-02-03,-0.09140761785728987,-0.12409044991052427
74,2023-02-02,-0.321050845268296,-0.24323527543328521
75,2023-02-01,-0.16499602794647217,-0.039580245355242176
76,2023-01-31,-0.281792838126421,-0.22664598121988674
77,2023-01-30,-0.16941124784449738,-0.12430607319499055
78,2023-01-29,0.06366784274578094,0.04448797032237053
79,2023-01-28,-0.29209912071625393,-0.047651304552952446
80,2023-01-27,-0.2242308280741175,-0.26463629004579997
81,2023-01-26,-0.4579537743702531,-0.22103539763328933
82,2023-01-25,-0.3698755156248808,-0.3448440075489796
83,2023-01-24,-0.0032134629786014558,-0.0877344407917311
84,2023-01-23,-0.12301311170791879,-0.1669589041677468
85,2023-01-22,-0.3833979082604249,-0.3772499170154333
86,2023-01-21,-0.3900363501161337,-0.2195712149143219
87,2023-01-20,-0.35393277285941716,-0.30777396977846994
88,2023-01-19,-0.3447102220155872,-0.4515204379239526
89,2023-01-18,-0.321732657429363,-0.3617186112706327
90,2023-01-17,-0.1568030115555633,-0.11505785589247491
91,2023-01-16,0.29284867147604626,-0.37841717153787613
92,2023-01-15,-0.26618793047964573,-0.44853598707252074
93,2023-01-14,-0.34392467679248917,-0.3479359166489707
94,2023-01-13,0.06636293387661378,-0.12790645576185647
95,2023-01-12,-0.5043726211244409,-0.14592033298686147
96,2023-01-11,-0.31170720165889515,-0.47376029683571114
97,2023-01-10,-0.2095909859985113,-0.2021760995965451
98,2023-01-09,-0.3391237227867047,-0.3074929561465979
99,2023-01-08,-0.08654695632867515,-0.4198968659620732
100,2023-01-07,0.2170000821352005,-0.31773390900343657
101,2023-01-06,-0.07533576233046395,-0.23729705657543881
102,2023-01-05,-0.2680850504483614,-0.16572074379116572
103,2023-01-04,-0.14903068665415048,-0.3964909225503604
104,2023-01-03,0.00017171204090118408,0.06833521388471127
105,2023-01-02,-0.4019837969293197,-0.07725923011700313
106,2023-01-01,0.27039851310352486,-0.06822676335771878
107,2022-12-31,0.036334076523780824,-0.00768885612487793
108,2022-12-30,0.015262125184138615,-0.1696725260342161
109,2022-12-29,-0.17393313782910505,-0.317362305501269
110,2022-12-28,-0.4432157489160697,-0.037881795420414845
111,2022-12-27,-0.3171087679054056,-0.33754980586291783
112,2022-12-26,0.19106120181580385,0.19741393579170108
113,2022-12-25,0.0,0.0
114,2022-12-24,0.033273687586188316,-0.12469666730612516
115,2022-12-23,0.13160593947395682,-0.12126867920160293
116,2022-12-22,-0.025820440612733364,-0.050811301171779635
117,2022-12-21,-0.029919549822807312,-0.14823454217703053
118,2022-12-20,0.028793065385384994,-0.2925519043043482
119,2022-12-19,-0.18419134337455034,-0.1657652283486511
120,2022-12-18,-0.43291320092976093,-0.18597200512886047
121,2022-12-17,-0.2452045682196816,-0.20528757572174072
122,2022-12-16,-0.08658661677137665,-0.20286847397253135
123,2022-12-15,-0.1432382082566619,-0.010157777129539422
124,2022-12-14,-0.19774588069412857,-0.0744207612782096
125,2022-12-13,-0.09669601408143838,0.009633590405186018
126,2022-12-12,-0.14806431614690357,0.04262711778283119
127,2022-12-11,0.45574722439050674,0.18698917888104916
128,2022-12-10,0.029111775968755995,-0.0551161328330636
129,2022-12-09,-0.14798661118203943,-0.2289503974219163
130,2022-12-08,-0.03143566186455163,0.07970571678809145
131,2022-12-07,-0.31772435922175646,-0.3226768536493182
132,2022-12-06,-0.21395878059168658,-0.22150684264798962
133,2022-12-05,-0.053002058217922844,-0.05186652540470715
134,2022-12-04,0.055597827583551404,-0.07616575770080089
135,2022-12-03,-0.27486281134188173,-0.08381816744804382
136,2022-12-02,-0.08066938546570865,-0.041790844152935526
137,2022-12-01,0.0036122091114521027,-0.1760200588653485
138,2022-11-30,-0.3318983460776508,-0.19009793819859624
139,2022-11-29,-0.05856309531049596,-0.0385699796800812
140,2022-11-28,-0.08094264213976107,-0.09081484509730026
141,2022-11-27,-0.2048459299840033,-0.16444559616502374
142,2022-11-26,-0.4261494427919388,0.12626111507415771
143,2022-11-25,-0.06819631345570087,-0.41409498478539963
144,2022-11-24,-0.05698606868584951,-0.07499091374791331
145,2022-11-23,-0.015064190969698958,-0.06595985398593325
146,2022-11-22,-0.17777562122792007,-0.2535789096417526
147,2022-11-21,-0.31086200196295977,-0.3225038505735851
148,2022-11-20,-0.05926680782188972,-0.21390235858658949
149,2022-11-19,-0.08900899589061737,-0.5111342690885067
150,2022-11-18,-0.10701521439477801,-0.09293909302990262
151,2022-11-17,-0.3018552671874995,-0.24448174845589243
152,2022-11-16,-0.16355604266649798,-0.14615402159918295
153,2022-11-15,-0.08162154443562031,-0.2007898294515368
154,2022-11-14,-0.30168385999767405,-0.0321067109001441
155,2022-11-13,-0.06981905624270439,0.015470938384532928
156,2022-11-12,0.20968407578766346,0.0762702920474112
157,2022-11-11,-0.09750005739430587,-0.15692636393424533
158,2022-11-10,-0.09794336608187719,-0.1620750141076066
159,2022-11-09,-0.2004229126717238,-0.5506757978605581
160,2022-11-08,-0.37520219620905426,-0.49143219680378314
161,2022-11-07,-0.2704732323375841,-0.37825400518098223
162,2022-11-06,0.17222758755087852,0.2564157158757249
163,2022-11-05,0.460909241810441,-0.17991483211517334
164,2022-11-04,-0.346306872769044,-0.3476702064514543
165,2022-11-03,-0.3656047304781775,-0.5195450675673783
166,2022-11-02,-0.2660781306525071,-0.2912434054228167
167,2022-11-01,0.15884332478578603,0.057358987318972744
168,2022-10-31,-0.2536382948979735,-0.2323887134343386
169,2022-10-30,-0.1200603326516492,-0.07504127573754106
170,2022-10-29,-0.026549018174409866,-0.01407754011452198
171,2022-10-28,-0.2513306717629786,-0.21934615904867738
172,2022-10-27,-0.31514157464399056,-0.21663712025528734
173,2022-10-26,-0.025553076801931158,-0.3155164071815271
174,2022-10-25,-0.21177200311794878,-0.21953463626559824
175,2022-10-24,-0.31798154260549283,0.124683385507928
176,2022-10-23,-0.2630941638102134,-0.018732238146993856
177,2022-10-22,-0.4370776116847992,0.1012128978036344
178,2022-10-21,0.10096805058419704,0.01155521790497005
179,2022-10-20,-0.3125515578744503,-0.11487154447688507
180,2022-10-19,0.051573448814451694,-0.3024402351972337
181,2022-10-18,-0.23236171046600623,-0.24129468399812193
182,2022-10-17,0.00870658653891749,0.0987261255375213
183,2022-10-16,-0.20694131404161453,0.006565269082784653
184,2022-10-15,-0.00696319043636322,-0.15995882004499434
185,2022-10-14,-0.1479156748391688,-0.12739673495525494
186,2022-10-13,-0.016865242272615433,-0.036509779513512974
187,2022-10-12,-0.09962787074036897,0.04521939910637836
188,2022-10-11,0.017098910339614925,-0.016877891879309628
189,2022-10-10,-0.15322807431221008,-0.3350875273346901
190,2022-10-09,0.05418344493955374,0.18172884359955788
191,2022-10-08,-0.08896635472774506,-0.07186637073755264
192,2022-10-07,-0.17578622871743782,-0.20226345597101109
193,2022-10-06,-0.23130422322587532,-0.35636975449707475
194,2022-10-05,-0.4099278343220552,-0.19048257656395434
195,2022-10-04,-0.08467605995635191,-0.05323961625496546
196,2022-10-03,-0.06807299759238958,-0.07776101037859917
197,2022-10-02,0.14151255693286657,-0.3521190732717514
198,2022-10-01,-0.12896043434739113,-0.15480923280119896
199,2022-09-30,-0.11140166662101235,-0.17162917890319868
200,2022-09-29,-0.07687084199014035,-0.3617958808063783
201,2022-09-28,0.0011531919240951537,0.2092850338543455
202,2022-09-27,-0.12628459862687372,-0.3162855316292156
203,2022-09-26,-0.08307429159489962,-0.08858992524731618
204,2022-09-25,-0.2715928488011871,-0.3445025802190815
205,2022-09-24,0.1930747739970684,-0.04851417848840356
206,2022-09-23,-0.09398552722164563,0.18123729507039701
207,2022-09-22,-0.054466139765516404,0.014147868182527308
208,2022-09-21,-0.2784602125175297,-0.14544904825743288
209,2022-09-20,-0.051934819011127245,-0.20917472394877207
210,2022-09-19,-0.2699682333578284,-0.17379352092169797
211,2022-09-18,-0.3264138577505946,-0.4011133536696434
212,2022-09-17,0.05227295011281967,0.014983818431695304
213,2022-09-16,-0.18175420919923405,-0.29661522286110803
214,2022-09-15,-0.18989715601007143,-0.12760183062138303
215,2022-09-14,-0.08255575783550739,-0.3534450896291269
216,2022-09-13,-0.04447371876713904,-0.044838484181937845
217,2022-09-12,0.015455329790711403,0.030372246605111286
218,2022-09-11,-0.007885411913905824,-0.016190194125686373
219,2022-09-10,-0.27785589545965195,-0.01943131908774376
220,2022-09-09,-0.2710706600919366,-0.0007336290123370978
221,2022-09-08,-0.03424129998754887,0.07325611163729004
222,2022-09-07,-0.2247832603752613,-0.22710742267469566
223,2022-09-06,-0.3110295008601887,-0.28757260535799317
224,2022-09-05,-0.10849478592475255,0.18340606366594633
225,2022-09-04,-0.17898080622156462,0.3536582390467326
226,2022-09-03,0.12461605691350996,0.22231640201061964
227,2022-09-02,-0.17420662469837978,-0.066036950148966
228,2022-09-01,-0.10239151602282244,-0.2743818916234316
229,2022-08-31,-0.21231296485556023,-0.17460212926380336
230,2022-08-30,-0.07269030503396477,0.0829153894557662
231,2022-08-29,-0.1697321911342442,-0.08102895777362087
232,2022-08-28,0.043010045463840164,-0.12097126266194713
233,2022-08-27,-0.3645973028615117,0.1380301364697516
234,2022-08-26,-0.04729162948206067,-0.10242193995509297
235,2022-08-25,-0.11267530772349109,-0.08750414914465038
236,2022-08-24,-0.118695050995383,-0.1122518242974938
237,2022-08-23,0.13063423622113007,0.11910777534716405
238,2022-08-22,0.05006330152973533,0.11068720375963799
239,2022-08-21,-0.07952162087894976,0.038351726019755006
240,2022-08-20,0.03695624880492687,0.24721953365951777
241,2022-08-19,-0.06681999340653419,-0.020343155320733785
242,2022-08-18,-0.05346816633310583,-0.032226877080069646
243,2022-08-17,-0.11062910762400581,-0.28691849814584625
244,2022-08-16,-0.13620489884756112,-0.008169170568713491
245,2022-08-15,-0.0626791815739125,-0.08201538274685542
246,2022-08-14,0.3201703168451786,-0.22840450486789146
247,2022-08-13,0.0709679089486599,-0.4640417732298374
248,2022-08-12,-0.051628102486332254,0.3533827402939399
249,2022-08-11,-0.09150919843126427,-0.25310338164369267
250,2022-08-10,0.5555712367807116,0.2361886896015633
251,2022-08-09,-0.13051599822938442,-0.1446157763712108
252,2022-08-08,-0.07101773175721367,-0.30797829586339903
253,2022-08-07,-0.007653915509581566,-0.1642735293135047
254,2022-08-06,-0.21821007194618383,0.2693241573870182
255,2022-08-05,-0.1510629566680444,-0.10578846563013239
256,2022-08-04,-0.07807139626571111,-0.01644225502830176
257,2022-08-03,0.06324325827881694,-0.23732187824789436
258,2022-08-02,-0.07973024709259763,-0.07683443160289351
259,2022-08-01,-0.06938404238058461,0.10404097979651794
260,2022-07-31,0.045293998438864946,-0.1648159846663475
261,2022-07-30,0.20549683148662248,0.19675285803774992
262,2022-07-29,0.1426531977274201,0.05607305500430592
263,2022-07-28,0.057062933687120676,0.12475782492020657
264,2022-07-27,-0.34023367514943376,-0.1445534960823316
265,2022-07-26,-0.03814737764852388,-0.12975223439316902
266,2022-07-25,-0.1932459015112657,0.03025020926426618
267,2022-07-24,-0.2875667802989483,-0.3899489462375641
268,2022-07-23,-0.16258382903678076,0.11072941603405136
269,2022-07-22,-0.11878562144314249,-0.030535952512743977
270,2022-07-21,-0.027199735554556053,0.12328568178022074
271,2022-07-20,-0.09607256203889847,0.0036799849942326544
272,2022-07-19,-0.2182951636080231,-0.2459152203053236
273,2022-07-18,-0.37816154584288597,-0.3711816355408657
274,2022-07-17,0.519428551197052,0.8918178975582123
275,2022-07-16,-0.04885110165923834,-0.15931078139692545
276,2022-07-15,-0.3577301982790232,-0.07419967668441436
277,2022-07-14,-0.0845437825191766,0.10735448925859399
278,2022-07-13,0.14914046397263353,-0.0077677186804287375
279,2022-07-12,-0.11737133769525422,0.011660309767143594
280,2022-07-11,-0.11833656982829173,-0.2615134132819043
281,2022-07-10,-0.2726719385633866,-0.08405718828241031
282,2022-07-09,0.016460586339235306,0.08116520941257477
283,2022-07-08,-0.16557498208501123,-0.3965247187086127
284,2022-07-07,-0.03933627605438232,0.02264962776431016
285,2022-07-06,-0.06670540668394255,-0.003239453520517857
286,2022-07-05,0.06424575553021648,-0.2847453572533347
287,2022-07-04,-0.3170608155429363,-0.5881737845018506
288,2022-07-03,0.07709945738315582,-0.08332329491774242
289,2022-07-02,0.0,0.0
290,2022-07-01,-0.3573477940204052,-0.21725477037043908
291,2022-06-30,-0.12819514080489935,-0.16131228090901123
292,2022-06-29,-0.30650021302464764,-0.17864647530542133
293,2022-06-28,0.04778824819784079,0.023658294629837786
294,2022-06-27,-0.04453412934460423,0.07242142149444782
295,2022-06-26,-0.08867947906255721,0.10945168286561965
296,2022-06-25,-0.15640802457928657,-0.3344279207289219
297,2022-06-24,-0.026663023150629468,-0.0751377611283075
298,2022-06-23,-0.19977931849037608,-0.3067790850376089
299,2022-06-22,-0.19307927936315536,-0.010484486352652311
300,2022-06-21,-0.14362681806087493,-0.11190921093026797
301,2022-06-20,0.16348483227193356,0.35039356257766485
302,2022-06-19,-0.2543782480061054,-0.31369053199887276
303,2022-06-18,-0.8012272119522095,-0.4130907580256462
304,2022-06-17,0.005057687560717265,0.11729442985314463
305,2022-06-16,-0.033734208650209686,-0.3268559423811508
306,2022-06-15,-0.10922879111021758,-0.17368043223395943
307,2022-06-14,0.06833119494840503,0.23738971098791808
308,2022-06-13,-0.03580833387015195,0.04006923731930297
309,2022-06-12,-0.5510751157999039,-0.29170775040984154
310,2022-06-11,-0.28226952254772186,0.11949273012578487
311,2022-06-10,-0.07316824377459638,-0.12689982537253228
312,2022-06-09,-0.06791459161626257,-0.11735334987009781
313,2022-06-08,-0.1382227186113596,-0.09186431869434622
314,2022-06-07,-0.24143279089281958,-0.2758291145786643
315,2022-06-06,-0.22858211511503096,-0.0361837113843016
316,2022-06-05,0.032542403787374496,-0.911098062992096
317,2022-06-04,-0.4893442550674081,-0.4222069550305605
318,2022-06-03,-0.29673115694178986,-0.16537844559225517
319,2022-06-02,-0.338419364100056,-0.4060658499199365
320,2022-06-01,0.06798351100749439,-0.02114865777117234
321,2022-05-31,0.019038569182157516,-0.5288010680427154
322,2022-05-30,-0.46899449862539766,-0.4661818265914917
323,2022-05-29,0.03315805643796921,0.06468929722905159
324,2022-05-28,0.10646721223990123,0.28535656465424436
325,2022-05-27,-0.06864894554018974,-0.3598698476506841
326,2022-05-26,-0.22572232335805892,-0.07242340873926878
327,2022-05-25,-0.1549535742139115,0.07807011759894736
328,2022-05-24,0.22104669436812402,0.042303666472435
329,2022-05-23,-0.14331117359300455,-0.23740209185828764
330,2022-05-22,0.007685025533040364,0.3057245723903179
331,2022-05-21,0.08976064994931221,0.07761206700363092
332,2022-05-20,-0.11827134610050255,0.05923664956181138
333,2022-05-19,-0.11933124496748573,-0.20394226903373602
334,2022-05-18,-0.4103055127585928,-0.14050345526387295
335,2022-05-17,-0.21627925067312187,-0.2446918514971104
336,2022-05-16,-0.1580793478836616,-0.5322565900161862
337,2022-05-15,-0.6221086531877518,-0.7064871589342753
338,2022-05-14,-0.4453303574451378,-0.2533063645873751
339,2022-05-13,-0.19911140615918807,-0.2861425192161863
340,2022-05-12,0.08108986169099808,-0.018709972500801086
341,2022-05-11,0.08667120907236547,-0.03375689101898495
342,2022-05-10,-0.0739700307448705,-0.2853312210179865
343,2022-05-09,-0.08566111495549028,-0.15593678865468863
344,2022-05-08,0.761529266834259,0.47370731830596924
345,2022-05-07,-0.06445358445247014,-0.22936086232463518
346,2022-05-06,-0.18007534205475273,-0.36556303573260995
347,2022-05-05,-0.23767502152401468,-0.08855467428709718
348,2022-05-04,-0.2772828512159841,-0.24659167331244264
349,2022-05-03,-0.11972132342911902,-0.11936405144395336
350,2022-05-02,-0.3267265602739321,-0.2361969084823849
351,2022-05-01,-0.5844043812581471,-0.7294639263834272
352,2022-04-30,-0.4050418228249658,-0.3525792902166193
353,2022-04-29,-0.33925934105503314,-0.2758184457280147
354,2022-04-28,-0.0992434494306936,-0.260265523987804
355,2022-04-27,0.014990105463022535,0.11198697933419184
356,2022-04-26,-0.03659247728064656,-0.12734973016195
357,2022-04-25,-0.04506753943860531,-0.20168723860722887
358,2022-04-24,-0.2766307716568311,-0.229982976284292
359,2022-04-23,-0.09191799759864808,-0.2698949009180069
360,2022-04-22,-0.10428229831159115,-0.13420414878055453
361,2022-04-21,-0.012912633193826134,0.013637235938486729
362,2022-04-20,0.08377803348004818,-0.03768901706362764
363,2022-04-19,-0.02774718137724059,0.12859874452863423
364,2022-04-18,-0.33034814074635505,0.08330273055471481
365,2022-04-17,-0.49289373494684696,-0.3982548601925373
366,2022-04-16,0.028943318873643875,-0.9507903456687927
367,2022-04-15,-0.4961440308640401,-0.5649709751208624
368,2022-04-14,-0.12831951442943967,-0.059829397518457714
369,2022-04-13,-0.044398043982007286,0.02085940137674863
370,2022-04-12,-0.5055592826434544,0.41390783237736845
371,2022-04-11,-0.3050624368091424,-0.16257713945759905
372,2022-04-10,-0.19539800137281418,-0.023033087700605394
373,2022-04-09,-0.547730028629303,-0.9217900633811951
374,2022-04-08,-0.044588666409254074,-0.10948725380003452
375,2022-04-07,-0.23541748523712158,-0.04610888874874665
376,2022-04-06,-0.1380170470635806,-0.1044383665679821
377,2022-04-05,0.23144664156895417,-0.0747551961730306
378,2022-04-04,-0.2654191123942534,-0.1750035986925165
379,2022-04-03,-0.04986819935341676,-0.070958877603213
380,2022-04-02,0.20363112166523933,-0.13584802920619646
381,2022-04-01,-0.09837444913996891,0.015199346072746044
382,2022-03-31,0.008459479891155896,-0.15501686112889856
383,2022-03-30,-0.21452095528895204,-0.030567025596445255
384,2022-03-29,0.10167200807482005,0.11549488096497953
385,2022-03-28,-0.012532208735744158,-0.006174121383163667
386,2022-03-27,0.022493542172014713,-0.2398275596400102
387,2022-03-26,-0.022180892527103424,-0.3864486552774906
388,2022-03-25,-0.29086341416197165,-0.17967110805745637
389,2022-03-24,-0.15503499487584288,0.04043142226609317
390,2022-03-23,-0.038186401701890506,0.01567100676206442
391,2022-03-22,0.020708511480026774,0.20353349163714382
392,2022-03-21,-0.3282964862883091,-0.38842507886389893
393,2022-03-20,-0.19345814920961857,0.21831271005794406
394,2022-03-19,-0.619093507528305,-0.46761967055499554
395,2022-03-18,-0.05247735734464543,-0.015099625074953745
396,2022-03-17,-0.1885216450318694,-0.1896003489382565
397,2022-03-16,-0.2175769182768735,-0.0756205664100972
398,2022-03-15,-0.2716616141842678,-0.1963989078843345
399,2022-03-14,-0.1535891970353467,-0.08688422292470932
400,2022-03-13,0.047009709756821394,0.007878517964854836
401,2022-03-12,0.02595026232302189,-0.04466727748513222
402,2022-03-11,-0.07971489106615384,0.15637185337642828
403,2022-03-10,-0.13182904958151853,-0.23146943134518386
404,2022-03-09,-0.07480381550267338,-0.14722501880799732
405,2022-03-08,-0.20443915287476208,0.11792940593191556
406,2022-03-07,-0.17210120288655162,-0.44561936147511005
407,2022-03-06,0.020212752744555473,-0.10115483403205872
408,2022-03-05,0.0,0.0
409,2022-03-04,-0.029177625353137653,-0.07733877175660046
410,2022-03-03,-0.3524196861455074,-0.37044891571769345
411,2022-03-02,-0.15655703035493693,-0.5445379614830017
412,2022-03-01,-0.07086182634035747,-0.0875771509276496
413,2022-02-28,-0.2717097768826144,-0.1300048256026847
414,2022-02-27,-0.011182030973335108,0.0746349785476923
415,2022-02-26,0.0,0.0
416,2022-02-25,0.21539100259542465,-0.1675350908190012
417,2022-02-24,-0.20194269663521222,-0.018393454008868763
418,2022-02-23,-0.18730360292829573,-0.4389998819679022
419,2022-02-22,-0.054020798206329344,-0.2923345297574997
420,2022-02-21,-0.019077244214713573,-0.18674227595329285
421,2022-02-20,0.009141694754362106,0.001147627830505371
422,2022-02-19,-0.20907976292073727,0.004513656720519066
423,2022-02-18,-0.08082844242453575,0.2702188152819872
424,2022-02-17,-0.012197814881801605,0.06065604073757475
425,2022-02-16,0.13752757695813975,0.30669619732846815
426,2022-02-15,0.22516019642353058,-0.1072874128818512
427,2022-02-14,0.25553449450267685,-0.057879183855321675
428,2022-02-13,0.10167959022025268,0.1676053131620089
429,2022-02-12,0.11873650550842285,-0.33988082222640514
430,2022-02-11,-0.0407827427610755,-0.32808827273547647
431,2022-02-10,-0.2476028509438038,-0.030729824118316172
432,2022-02-09,-0.26519388092371327,-0.3810523539885051
433,2022-02-08,-0.0517210653051734,0.011691696527931426
434,2022-02-07,0.14596799021172854,-0.007061173642675074
435,2022-02-06,-0.4503162086009979,-0.5668654680252075
436,2022-02-05,0.24293462187051773,-0.38542385306209326
437,2022-02-04,0.14648860975586134,0.05701707997198763
438,2022-02-03,0.10994896502234042,-0.07186054457755138
439,2022-02-02,-0.22288697355737289,-0.1495947353541851
440,2022-02-01,0.25124468468129635,0.18133912631310523
441,2022-01-31,-0.12579397857189178,-0.03768438887264994
442,2022-01-30,0.02452918840572238,-0.03813660144805908
443,2022-01-29,0.03430906683206558,0.09611780786265929
444,2022-01-28,-0.16462827178960046,-0.008134744906177124
445,2022-01-27,-0.005460690357722342,-0.28668114880565554
446,2022-01-26,-0.22355803971489271,-0.40152827797768015
447,2022-01-25,-0.2532350786707618,-0.49399630403654143
448,2022-01-24,-0.18273445674114758,0.08465775185161167
449,2022-01-23,-0.06977833062410355,-0.2673400351777673
450,2022-01-22,0.14618673734366894,-0.08313041646033525
451,2022-01-21,-0.022325299680233,-0.19419330249850947
452,2022-01-20,-0.11300567478725784,-0.07123497443829188
453,2022-01-19,0.12701167003251612,0.021050567738711834
454,2022-01-18,-0.06632002111938265,-0.04299616482522753
455,2022-01-17,-0.5914280265569687,-0.472497770562768
456,2022-01-16,0.30881187319755554,0.8756012320518494
457,2022-01-15,0.0,0.0
458,2022-01-14,-0.24603645829483867,-0.22229906544089317
459,2022-01-13,0.20356214232742786,0.20417070117158195
460,2022-01-12,0.15991596393287183,-0.30457267283151546
461,2022-01-11,0.14240094141236373,-0.04824285076132843
462,2022-01-10,-0.16185556973020235,-0.28954239562153816
463,2022-01-09,-0.09007547236979008,-0.18163623102009296
464,2022-01-08,0.0,0.0
465,2022-01-07,-0.2855446198955178,-0.3186409091576934
466,2022-01-06,-0.2610742966644466,-0.16832049755493597
467,2022-01-05,-0.006484477188099514,-0.09422250904820183
468,2022-01-04,-0.0308745422710975,-0.3612870454995168
469,2022-01-03,-0.06363933129856984,0.21479759270118345
470,2022-01-02,0.06014484399929643,-0.12304653972387314
471,2022-01-01,0.0,0.0
472,2021-12-31,0.25058478489518166,0.38987509347498417
473,2021-12-30,0.03674076737037727,-0.18211661877908877
474,2021-12-29,-0.40168359130620956,0.0399485204834491
475,2021-12-28,-0.8737784028053284,-0.3105146208157142
476,2021-12-27,-0.04584482908248901,0.021531981974840166
477,2021-12-26,-0.004628948867321014,0.020103795453906063
478,2021-12-25,0.0,0.0
479,2021-12-24,-0.010298546403646469,0.14427591264247894
480,2021-12-23,0.0510528509815534,-0.004430319327447144
481,2021-12-22,-0.07815704153229792,-0.0594025367560486
482,2021-12-21,-0.0799519583582878,-0.027711737994104625
483,2021-12-20,-0.16096881984008682,0.09721731161698699
484,2021-12-19,0.05075947567820549,-0.02667028591450717
485,2021-12-18,-0.13476672023534775,-0.553735887631774
486,2021-12-17,-0.2777093986514956,-0.15301316580735147
487,2021-12-16,-0.20207385967175165,-0.018940667376395274
488,2021-12-15,-0.11603275605011731,-0.12798586839344353
489,2021-12-14,-0.20582471272962935,-0.011323819119556286
490,2021-12-13,-0.30820919159385896,-0.44471303078656393
491,2021-12-12,-0.37255797286828357,-0.5312526143259472
492,2021-12-11,-0.05868828562753541,-0.21971323953143188
493,2021-12-10,-0.22556191310286522,-0.3290306217968464
494,2021-12-09,0.00983385625295341,0.23008273078594355
495,2021-12-08,-0.05401003733277321,0.07492412990805777
496,2021-12-07,-0.11544184883435567,-0.11604314010279874
497,2021-12-06,0.10213623537371556,0.15521136755123735
498,2021-12-05,0.0,0.0
499,2021-12-04,0.10752510031064351,-0.24252672120928764
500,2021-12-03,-0.1820100019685924,-0.16074795116271293
501,2021-12-02,-0.30271595367230475,0.2530492120422423
502,2021-12-01,0.006667951277146737,0.2647546164829422
503,2021-11-30,0.07647236792201345,-0.13375071289412901
504,2021-11-29,-0.13506184766689938,-0.21381811574101448
505,2021-11-28,-0.36071262657642367,-0.5822811018675565
506,2021-11-27,-0.4697508504614234,-0.788488358259201
507,2021-11-26,-0.01656602289188992,-0.1659553069056887
508,2021-11-25,-0.24469271302223206,-0.3699534833431244
509,2021-11-24,0.08531256682342953,-0.1429851624286837
510,2021-11-23,0.09972574358636682,-0.10521515424955975
511,2021-11-22,0.17192630759543842,0.3359378661723837
512,2021-11-21,0.2308814637362957,-0.3314838334918022
513,2021-11-20,-0.19047118723392487,-0.4065266487499078
514,2021-11-19,-0.038159835914319214,-0.12311503799124197
515,2021-11-18,0.028823586304982503,0.10271021748582522
516,2021-11-17,-0.1268437872862532,-0.1438645745760628
517,2021-11-16,0.0035239298115758333,0.1608315378281416
518,2021-11-15,0.02090770227368921,0.4523609154857695
519,2021-11-14,0.06907082675024867,-0.17297761825223765
520,2021-11-13,0.28663650155067444,0.005919679223249356
521,2021-11-12,-0.38850339576601983,-0.2420652613043785
522,2021-11-11,0.2465063568491202,0.20948826922820166
523,2021-11-10,-0.0736738694831729,0.003295575873926282
524,2021-11-09,-0.09230495178524185,-0.1399197112403664
525,2021-11-08,-0.1874877614053813,-0.16546931027059816
526,2021-11-07,-0.17503959437211355,-0.05470197399457296
527,2021-11-06,-0.32396430894732475,-0.18655382759041259
528,2021-11-05,0.015679741851412334,0.1855926804531079
529,2021-11-04,-0.11663061608042982,-0.12479166655490796
530,2021-11-03,0.05550713948905468,-0.015883442014455795
531,2021-11-02,-0.030122683942317964,0.040149203377465414
532,2021-11-01,-0.17698444216512144,0.09030123590491712
533,2021-10-31,0.22208641469478607,0.4032483175396919
534,2021-10-30,-0.10162822902202606,-0.1703517735004425
535,2021-10-29,-0.06356285369166961,-0.20655255536668196
536,2021-10-28,-0.09189060246893044,-0.10833027162107413
537,2021-10-27,-0.04051938687916845,0.09610268463923904
538,2021-10-26,-0.291624269551701,-0.20165263944202
539,2021-10-25,0.1336964505978606,0.10033823363482952
540,2021-10-24,0.04308085590600967,-0.26479125767946243
541,2021-10-23,-0.11796623095870018,-0.011148567001024881
542,2021-10-22,-0.3787337594798633,-0.23811276123992034
543,2021-10-21,-0.2200023605996235,-0.12765240672072678
544,2021-10-20,-0.0995952942493287,0.02609771794893525
545,2021-10-19,0.13171862997114658,0.11353308102115989
546,2021-10-18,0.13146732868078878,0.29719703673732045
547,2021-10-17,0.017270684242248535,0.26318797065565985
548,2021-10-16,-0.26531578600406647,-0.5709532797336578
549,2021-10-15,-0.17908898195517914,0.05608200774128948
550,2021-10-14,-0.09798895171843469,-0.041565752510602266
551,2021-10-13,-0.10709136612713337,-0.026680618772904063
552,2021-10-12,0.11339365211980683,0.20636325169886863
553,2021-10-11,-0.04452933753944105,0.007153600324980099
554,2021-10-10,0.15369661790984018,0.05247532968808498
555,2021-10-09,0.08800884336233139,0.17202815739437938
556,2021-10-08,-0.003583463281393051,-0.14770387522876263
557,2021-10-07,-0.1393710970878601,0.10692337104542689
558,2021-10-06,0.17971446113113096,0.23321173257906647
559,2021-10-05,0.3313084894960577,-0.18251224071013208
560,2021-10-04,-0.4141788419590078,-0.37607168039363437
561,2021-10-03,0.0339968316257,-0.03684079407581261
562,2021-10-02,-0.4441411606967449,0.14052747935056686
563,2021-10-01,0.06953128944668505,-0.07767619979050425
564,2021-09-30,-0.1394612666086427,-0.18251537580397864
565,2021-09-29,-0.13049898343160748,-0.11581319984462524
566,2021-09-28,-0.040313215111382306,-0.01806845010529893
567,2021-09-27,-0.40664361882954836,-0.3164252042770386
568,2021-09-26,-0.2889517688502868,-0.26934967034806806
569,2021-09-25,0.0,0.0
570,2021-09-24,-0.05929395882412791,-0.04735474164287249
571,2021-09-23,-0.22174566451992309,-0.16766126666750228
572,2021-09-22,0.18536630117644867,0.022461285969863336
573,2021-09-21,0.04266589228063822,-0.041793733790871625
574,2021-09-20,0.008265679702162743,0.32751917839050293
575,2021-09-19,0.12209522227446239,0.15033756036104426
576,2021-09-18,-0.1092720553278923,-0.2429526038467884
577,2021-09-17,0.0009105562099388667,-0.3284071512697708
578,2021-09-16,-0.06240403912961483,-0.013578459620475769
579,2021-09-15,-0.14343689009547234,0.03044392962363504
580,2021-09-14,0.11397992003270808,0.2032382884336745
581,2021-09-13,-0.14149487594311888,-0.2658550464971499
582,2021-09-12,-0.04042294295504689,-0.2042802496580407
583,2021-09-11,-0.1266802717000246,0.020849292166531086
584,2021-09-10,-0.10711828153580427,-0.1172872941630582
585,2021-09-09,0.20567612959579987,0.026715715881437063
586,2021-09-08,0.15422351099550724,-0.11109939403831959
587,2021-09-07,-0.36059153493907714,-0.10300721497171456
588,2021-09-06,0.0,0.0
589,2021-09-05,-0.13727883547544478,-0.15031574840346973
590,2021-09-04,0.3344222977757454,0.15293370932340622
591,2021-09-03,-0.008665679022669792,-0.2773181909384827
592,2021-09-02,-0.2635022865918775,-0.25461322550351423
593,2021-09-01,-0.018525417583684128,0.033278086533149086
594,2021-08-31,-0.18954357496378096,-0.04908557789343777
595,2021-08-30,-0.0059051003593664905,0.09684815938369586
596,2021-08-29,-0.23844998170222556,-0.06842317689387571
597,2021-08-28,-0.005483537912368774,-0.4756721016019583
598,2021-08-27,0.19340457360852847,-0.03466979515823451
599,2021-08-26,0.09045789390802383,-0.21476499239603677
600,2021-08-25,0.17449247517756053,0.09282159080196704
601,2021-08-24,0.23536266013979912,0.3792580720037222
602,2021-08-23,-0.09366002758698803,0.002771049737930298
603,2021-08-22,-0.21299717668443918,-0.3423461054917425
604,2021-08-21,0.05563947930932045,0.01691353414207697
605,2021-08-20,-0.07644426392821166,-0.06966469404645838
606,2021-08-19,-0.11855837873493631,0.2970471299874286
607,2021-08-18,-0.06937191578058097,0.16676173351991636
608,2021-08-17,-0.12169881910085678,-0.07606793301446098
609,2021-08-16,-0.17312712222337723,0.2053300722248175
610,2021-08-15,-0.009785113856196404,-0.517737727612257
611,2021-08-14,-0.14574342966079712,-0.1425926685333252
612,2021-08-13,-0.219190769828856,-0.3803025600500405
613,2021-08-12,-0.05179903423413634,0.05484512593830004
614,2021-08-11,-0.0746481174396144,-0.2596138094172434
615,2021-08-10,0.022092450203167066,-0.12978867813944817
616,2021-08-09,-0.1484626461393558,-0.0763792758091138
617,2021-08-08,-0.45460739731788635,-0.21158897876739502
618,2021-08-07,-0.009150057099759579,-0.18443772848695517
619,2021-08-06,-0.20187012877847468,-0.23144432934858494
620,2021-08-05,-0.26964059778872657,-0.28319212356034446
621,2021-08-04,-0.06316890319188435,-0.2527619283646345
622,2021-08-03,0.07492003376994814,-0.10065378568002156
623,2021-08-02,-0.19800682216882706,-0.11655433252453803
624,2021-08-01,-0.004019293934106827,-0.128559429012239
625,2021-07-31,0.05414057895541191,-0.31336492113769054
626,2021-07-30,-0.18083127606142724,-0.3586445250160371
627,2021-07-29,-0.027770423019925754,-0.06395449704364128
628,2021-07-28,0.08121419170250495,0.1247431836090982
629,2021-07-27,-0.17660616768989712,-0.004028254787304578
630,2021-07-26,-0.04297033704817295,-0.11654468866686027
631,2021-07-25,-0.08798993037392695,-0.16368289912740389
632,2021-07-24,-0.895919680595398,-0.022455334663391113
633,2021-07-23,0.17626567205621135,-0.08162849106722408
634,2021-07-22,-0.3475804444816377,-0.40285305720236564
635,2021-07-21,-0.09822124429047108,0.039592983201146126
636,2021-07-20,0.14282469883561133,0.1659795731243988
637,2021-07-19,-0.34466668715079624,-0.11581635902877206
638,2021-07-18,0.019817791879177094,0.07015949487686157
639,2021-07-17,0.026360534131526947,-0.3024756908416748
640,2021-07-16,-0.2778995423935927,-0.20365713637035626
641,2021-07-15,-0.07178537724049468,0.017345549718460484
642,2021-07-14,-0.10619717612862586,-0.16715309172868728
643,2021-07-13,-0.2617763765156269,-0.07285890402272344
644,2021-07-12,-0.17654769720607683,-0.14267086257275782
645,2021-07-11,-0.14455565325915815,-0.2426100356504321
646,2021-07-10,0.16096051456406713,0.22402283689007163
647,2021-07-09,0.0628996388365825,0.16102384186039367
648,2021-07-08,-0.07664541667327285,-0.1553163802018389
649,2021-07-07,0.0966772053609876,-0.14716902199913473
650,2021-07-06,0.04761078402710458,0.07597191486274824
651,2021-07-05,-0.05195910266290108,-0.3244460186300178
652,2021-07-04,0.046383246779441833,-0.38841792941093445
653,2021-07-03,-0.0630943551659584,0.0022077150642871857
654,2021-07-02,-0.011124042483667532,0.016718018101528287
655,2021-07-01,0.05152272140341146,-0.09355835479107641
656,2021-06-30,0.04160638153553009,-0.09889489620303116
657,2021-06-29,-0.006091996716956298,-0.16161216081430516
658,2021-06-28,-0.007089237992962201,-0.059526935280128215
659,2021-06-27,-0.005129109136760235,-0.13493833877146244
660,2021-06-26,0.31809116154909134,0.5254160560667515
661,2021-06-25,-0.2549183428287506,-0.16733666236201922
662,2021-06-24,0.004350292185942332,0.08183044377300476
663,2021-06-23,-0.0391464002430439,0.20926698110997677
664,2021-06-22,0.012982104505811418,0.1304225503511372
665,2021-06-21,-0.1763448818502101,-0.23223180727412307
666,2021-06-20,-0.1602926105260849,-0.11106899380683899
667,2021-06-19,0.05578336864709854,0.05337513983249664
668,2021-06-18,-0.11962042509445123,-0.04365847807909762
669,2021-06-17,-0.05238736183805899,-0.04918012581765652
670,2021-06-16,-0.14226611036186418,-0.026393935774211525
671,2021-06-15,0.019587738296160333,0.07459628352752098
672,2021-06-14,0.08854271462630658,0.08055724753214724
673,2021-06-13,0.07313310354948044,0.08964414149522781
674,2021-06-12,-0.013037033379077911,0.07976199686527252
675,2021-06-11,0.0016217724504795942,-0.05306990597058426
676,2021-06-10,-0.13051004363223911,-0.13382460325335463
677,2021-06-09,-0.045079350005835295,0.21412162052001804
678,2021-06-08,-0.09076890270960958,-0.05220213030840743
679,2021-06-07,-0.0009238617494702339,0.08873191715839009
680,2021-06-06,-0.0008332304656505585,0.35911849928088485
681,2021-06-05,0.06594931520521641,0.388593103736639
682,2021-06-04,-0.18395251408219337,-0.3632242927948634
683,2021-06-03,0.09632868451230667,0.08746072919491459
684,2021-06-02,-0.026447697143469538,-0.00851449663085597
685,2021-06-01,-0.15134901899312223,-0.02709833163368915
686,2021-05-31,0.2538352273404598,0.046224914491176605
687,2021-05-30,-0.34775224328041077,-0.44675388000905514
688,2021-05-29,-0.3310125581920147,-0.3710145056247711
689,2021-05-28,-0.09391660230855146,-0.05340741322272354
690,2021-05-27,-0.04707259334623814,-0.09718744836747646
691,2021-05-26,0.04196242506391015,0.14819194342962458
692,2021-05-25,-0.1139901685195842,-0.05135723575949669
693,2021-05-24,0.008574672819425658,0.27570318593643606
694,2021-05-23,-0.45820569929977256,-0.16019934912522635
695,2021-05-22,0.0,0.0
696,2021-05-21,0.06201016437262297,0.20800428465008736
697,2021-05-20,-0.13903346308507025,-0.10638333679526113
698,2021-05-19,-0.00039730744902044535,0.1020256841244797
699,2021-05-18,0.23638570290945826,0.11594902061753802
700,2021-05-17,-0.22163935978379515,0.07376241608074419
701,2021-05-16,-0.329590629786253,-0.485533263720572
702,2021-05-15,0.1352038917442163,-0.025526821613311768
703,2021-05-14,-0.1209653802216053,-0.18892862773774302
704,2021-05-13,0.12105410220101476,-0.11695812735706568
705,2021-05-12,-0.006879845983348787,0.10135035560233518
706,2021-05-11,-0.005311984413613875,-0.0010009338665339744
707,2021-05-10,0.0029644213084663662,-0.2398566987720274
708,2021-05-09,-0.4358047842979431,-0.21770435571670532
709,2021-05-08,0.0,0.0
710,2021-05-07,-0.027934063598513602,-0.08194187741726637
711,2021-05-06,0.04568103858484672,0.14605966344093665
712,2021-05-05,-0.17196377634536475,-0.08123611782987913
713,2021-05-04,-0.02521365135908127,0.11530012273314325
714,2021-05-03,-0.0202908410380284,-0.04242142724494139
715,2021-05-02,-0.09459287859499454,-0.12495939526706934
716,2021-05-01,0.01725065242499113,-0.03126036562025547
717,2021-04-30,0.016065610262254875,-0.028390606690663844
718,2021-04-29,0.017294125476231176,-0.02471403043018654
719,2021-04-28,-0.10656336694955826,-0.015663102003080503
720,2021-04-27,0.13779093498984973,0.25158728162447613
721,2021-04-26,-0.17514737291882435,-0.1718558355156953
722,2021-04-25,0.14129871129989624,0.4280434027314186
723,2021-04-24,-0.06930582349499066,-0.1489939751724402
724,2021-04-23,0.16383285378105938,0.06194384702636549
725,2021-04-22,-0.01658915087580681,-0.04947527278214693
726,2021-04-21,-0.08875506564176508,-0.13136720102989957
727,2021-04-20,-0.05481331143528223,-0.07231376077979804
728,2021-04-19,0.07244543689820501,0.12164461426436901
729,2021-04-18,-0.4728283379226923,-0.45637193135917187
730,2021-04-17,-0.23236090131103992,0.020753480726853013
731,2021-04-16,0.062010113657875496,-0.12060772808212222
732,2021-04-15,0.015090739464058596,0.13561225183965528
733,2021-04-14,-0.05390292669956883,0.04577286448329687
734,2021-04-13,0.08000881936062466,0.03590470772575249
735,2021-04-12,0.19054452888667583,0.04942080233660007
736,2021-04-11,0.39274835710724193,0.1898211489121119
737,2021-04-10,0.11673206339279811,0.058621231466531754
738,2021-04-09,-0.16993967875499616,-0.07395373264355866
739,2021-04-08,-0.20257372758351266,-0.12073477573964436
740,2021-04-07,0.15350408607015484,0.06801671274659926
741,2021-04-06,0.10129162089692222,0.03170177757015659
742,2021-04-05,0.059580323685492785,0.062015144154429436
743,2021-04-04,-0.19763552863150835,0.3550681695342064
744,2021-04-03,0.1600078046321869,-0.19436287693679333
745,2021-04-02,0.1201462633907795,0.47772334329783916
746,2021-04-01,0.001502965111285448,-0.005894909845665097
747,2021-03-31,-0.357178643035392,-0.051038022696351014
748,2021-03-30,0.0895377196944677,0.15302984993188426
749,2021-03-29,-0.1389600702871879,-0.346973006768773
750,2021-03-28,0.10913616418838501,0.13583270584543547
751,2021-03-27,-0.008245304226875305,0.00257138442248106
752,2021-03-26,-0.13581309312333664,-0.2547725294716656
753,2021-03-25,-0.31075397894407314,-0.2311488788885375
754,2021-03-24,-0.08017599326558411,0.22014037251938134
755,2021-03-23,0.173229801406463,0.09118827493654358
756,2021-03-22,0.16868145263900883,0.205597820258781
757,2021-03-21,-0.44944384396076204,0.05942018032073974
758,2021-03-20,0.05512671545147896,0.8527379035949707
759,2021-03-19,-0.07106220851150843,-0.12566726905508682
760,2021-03-18,-0.03410001588054001,-0.19606109452433884
761,2021-03-17,0.1440116117397944,0.14125819713808596
762,2021-03-16,0.13637181976810098,0.16645100060850382
763,2021-03-15,0.16950685448116726,0.2989773688217004
764,2021-03-14,0.13793081790208817,-0.26856302954256533
765,2021-03-13,-0.22769933566451073,-0.04327056432763735
766,2021-03-12,-0.15068379441897076,-0.052901529686318526
767,2021-03-11,-0.0700413058201472,-0.035052093242605525
768,2021-03-10,-0.5203834548592567,-0.3073798050172627
769,2021-03-09,0.22690588440746068,0.08804640648886561
770,2021-03-08,0.18387763500213622,0.13104796544648706
771,2021-03-07,0.01717371493577957,-0.21980866375896665
772,2021-03-06,-0.3539590711394946,-0.22076046839356422
773,2021-03-05,0.07515870092902333,-0.06120473414193839
774,2021-03-04,-0.08187926753557154,0.029052708054050105
775,2021-03-03,0.018963157144539496,0.007282140527797096
776,2021-03-02,0.19143428032596907,-0.04136905151729783
777,2021-03-01,-0.03661847369451272,0.051381054064749104
778,2021-02-28,-0.0016941070556640626,0.062464366853237155
779,2021-02-27,-0.030165769159793854,-0.0980429748694102
780,2021-02-26,-0.13622524247815213,-0.17984271763513485
781,2021-02-25,0.10309660558899243,0.11528966126066667
782,2021-02-24,0.31062926758419385,0.15673377449539574
783,2021-02-23,-0.14563122305732507,-0.0786018052066748
784,2021-02-22,0.020427904402216274,0.005798668704099125
785,2021-02-21,-0.02259252065171798,-0.26088598370552063
786,2021-02-20,0.01480068638920784,-0.6658046841621399
787,2021-02-19,-0.15476834289729596,-0.12985017634928225
788,2021-02-18,-0.10773642278379864,0.19033493101596832
789,2021-02-17,-0.3342071382794529,-0.30860547524773413
790,2021-02-16,-0.031998999106387295,-0.006105859505219598
791,2021-02-15,0.2587783982356389,-0.29791171041627723
792,2021-02-14,0.09644988365471363,0.4537025270983577
793,2021-02-13,0.0,0.0
794,2021-02-12,-0.16618817998096347,-0.43085627772638363
795,2021-02-11,0.10367009347925583,0.26000089411520294
796,2021-02-10,-0.06943649601410418,-0.18200341820278587
797,2021-02-09,0.22690892368555068,0.11442237049341202
798,2021-02-08,0.13238724283874034,-0.009716035870628229
799,2021-02-07,0.3150843966752291,-0.07220405414700508
800,2021-02-06,-0.11286202259361744,0.024813221767544746
801,2021-02-05,0.007185366004705429,-0.11353536556737545
802,2021-02-04,-0.10020350081225236,-0.11060110259180268
803,2021-02-03,0.022985103238812265,0.0485015819013557
804,2021-02-02,-0.11353595731779934,-0.05688885862214697
805,2021-02-01,0.1328650802373886,-0.1911315180361271
806,2021-01-31,0.5728198861082395,0.3226584562410911
807,2021-01-30,0.035679448395967484,0.003380764275789261
808,2021-01-29,-0.2882521580904722,-0.10757911624386907
809,2021-01-28,-0.015968516158560913,0.13454702449962497
810,2021-01-27,-0.06572584113614126,-0.026805268854580143
811,2021-01-26,-0.016516029067775783,-0.11262354780645932
812,2021-01-25,-0.19940379758675894,-0.020030316006806173
813,2021-01-24,-0.2551002486919363,-0.25725264629969996
814,2021-01-23,-0.23036546756823859,-0.7631146510442098
815,2021-01-22,-0.10512187580267589,-0.058216619615753494
816,2021-01-21,-0.0651064429964338,0.11413528929863657
817,2021-01-20,0.12202445637773383,0.013469873786424148
818,2021-01-19,0.15258322942715424,0.001304301218344615
819,2021-01-18,-0.09877189644612372,-0.17428203392773867
820,2021-01-17,-0.8796632289886475,0.06541455537080765
821,2021-01-16,-0.3095461626847585,-0.2760041356086731
822,2021-01-15,-0.01605408193750514,-0.0648274598988118
823,2021-01-14,-0.19373687210359744,-0.30458168379430256
824,2021-01-13,-0.09542204762498538,-0.0910614415175385
825,2021-01-12,0.08014770608176203,-0.20012689818281168
826,2021-01-11,-0.16727323074721628,-0.21629894628292984
827,2021-01-10,-0.0697622001171112,-0.798212468624115
828,2021-01-09,-0.2525592824444175,-0.13010853131612143
829,2021-01-08,-0.15864823986258772,-0.3729118982123004
830,2021-01-07,-0.22976610846817494,-0.2237659725671013
831,2021-01-06,0.0881037080867423,0.11842044092783774
832,2021-01-05,0.12540192455053328,0.09215691544647729
833,2021-01-04,-0.12439531324939294,-0.27264371124858205
834,2021-01-03,0.17217683792114258,0.4047912508249283
835,2021-01-02,0.0,0.0
836,2021-01-01,0.0,0.0
837,2020-12-31,-0.19281428524603447,0.0832338420053323
838,2020-12-30,-0.006497231622536977,0.14168722182512283
839,2020-12-29,-0.14514428501327833,0.1751740174368024
840,2020-12-28,0.2045276284750019,0.5097780940788132
841,2020-12-27,0.043567925691604614,0.30126941204071045
842,2020-12-26,0.0,0.0
843,2020-12-25,0.031097404658794403,0.06582169979810715
844,2020-12-24,-0.20516613125801086,-0.33384699028517517
845,2020-12-23,0.19307370049258074,0.011595254143079122
846,2020-12-22,-0.25075921575937954,-0.16860642239806195
847,2020-12-21,-0.04419926144182682,0.0707393042743206
848,2020-12-20,0.03992560195426146,-0.30695440413223374
849,2020-12-19,-0.24496041983366013,-0.0021432372741401196
850,2020-12-18,-0.08320462411003453,0.18561707213521003
851,2020-12-17,-0.4183402359485626,-0.25826936434688313
852,2020-12-16,0.0873680354460426,-0.06764532417814802
853,2020-12-15,-0.1151553807923427,-0.034456916917593075
854,2020-12-14,-0.21242624061072574,-0.2019429600414108
855,2020-12-13,0.01255747675895691,-0.06152244284749031
856,2020-12-12,0.27095770835876465,0.22605979442596436
857,2020-12-11,0.07205720698194844,0.1808261081044163
858,2020-12-10,-0.0702754406688305,0.047464444588583246
859,2020-12-09,-0.1164339313452894,-0.05666975871744481
860,2020-12-08,0.09708106946200132,0.1713198944926262
861,2020-12-07,0.01880906191137102,0.11045292075033537
862,2020-12-06,0.3681667602310578,-0.04295174777507782
863,2020-12-05,-0.06428541243076324,0.10999486036598682
864,2020-12-04,0.2213968490915639,0.31412902214963523
865,2020-12-03,-0.20192092017581065,0.012879720744159506
866,2020-12-02,-0.14131281096488238,0.0722618973813951
867,2020-12-01,0.2980526998443039,0.32573795338210304
868,2020-11-30,-0.04022593349218369,-0.07527634263038635
869,2020-11-29,0.3298396384343505,0.01207538042217493
870,2020-11-28,-0.13336297497153282,-0.015576064586639404
871,2020-11-27,-0.31291164085268974,-0.3135096177458763
872,2020-11-26,-0.09039339961277114,-0.007343849208619869
873,2020-11-25,-0.21906906697485182,-0.49962018130140173
874,2020-11-24,-0.12249152592438109,-0.3303048619178726
875,2020-11-23,-0.03822369578604897,-0.18100521306041628
876,2020-11-22,-0.6146390736103058,-0.6274295449256897
877,2020-11-21,-0.12203266844153404,0.29714471101760864
878,2020-11-20,-0.2317217297386378,-0.4659084053710103
879,2020-11-19,-0.09373597221242057,-0.15962023653641896
880,2020-11-18,0.08265992709332043,0.03396197642993042
881,2020-11-17,-0.13695774126487473,-0.20298163103871047
882,2020-11-16,0.24904838800430298,0.32486046561971305
883,2020-11-15,0.051538402835528054,0.28886863092581433
884,2020-11-14,0.07033532112836838,0.035398309429486595
885,2020-11-13,0.028674510972840444,0.20640249543690256
886,2020-11-12,0.218322015251033,0.07021683334217718
887,2020-11-11,-0.011135918274521827,-0.05604904939730961
888,2020-11-10,0.06783709133213217,-0.22150132232204528
889,2020-11-09,0.04406741155045373,-0.0780746228992939
890,2020-11-08,0.4567437507212162,0.6146956346929073
891,2020-11-07,0.09103258140385151,0.13255435600876808
892,2020-11-06,-0.11990562578042348,0.10682134826978047
893,2020-11-05,0.13596286827867682,0.24904399215610643
894,2020-11-04,-0.18234063796699046,-0.20646244175732137
895,2020-11-03,-0.19658973688880602,-0.2262574133152763
896,2020-11-02,0.19133057038892398,-0.029186833536986145
897,2020-11-01,-0.9282764494419098,-0.27593981474637985
898,2020-10-31,0.0,0.0
899,2020-10-30,-0.2397079170991977,-0.28769438043236734
900,2020-10-29,-0.14278614827815225,-0.22665736999581843
901,2020-10-28,0.16840776909763613,-0.2559849057191362
902,2020-10-27,0.09169272519648075,0.09660473722033203
903,2020-10-26,0.24971278909255157,0.2164411065592007
904,2020-10-25,0.03470049984753132,0.5500731567541758
905,2020-10-24,0.0,0.0
906,2020-10-23,-0.0609839561262301,0.2960123300020184
907,2020-10-22,0.10735630989074707,0.021373315507339105
908,2020-10-21,0.08269283192401583,0.10163886977049211
909,2020-10-20,-0.05369795970618725,-0.06384211170176665
910,2020-10-19,0.3392146654427052,0.4340636432170868
911,2020-10-18,-0.08929537733395894,0.02484251807133357
912,2020-10-17,-0.003835577517747879,0.0011328347027301788
913,2020-10-16,0.11746562698057719,0.05002334110793617
914,2020-10-15,0.18627288714051246,-0.046733631379902364
915,2020-10-14,0.01053895258034269,-0.05712370470994049
916,2020-10-13,0.04628553880112512,0.09296414473626231
917,2020-10-12,0.17038059149953452,0.19146029854362662
918,2020-10-11,0.2266920084754626,-0.7660253743330637
919,2020-10-10,-0.5384427905082703,0.0011328347027301788
920,2020-10-09,-0.023159902915358542,-0.2706308139488101
921,2020-10-08,0.036632172046945646,-0.036837822471100554
922,2020-10-07,-0.14080827816256455,0.010471046103962831
923,2020-10-06,-0.28583698506866184,-0.1955867859135781
924,2020-10-05,0.055880460577706494,-0.03211899070690075
925,2020-10-04,0.21723966673016548,-0.23569996654987335
926,2020-10-03,0.2515682941302657,0.4178411327302456
927,2020-10-02,-0.1555965230134981,-0.24946389719843864
928,2020-10-01,-0.00048795583493569316,-0.17062545465488058
929,2020-09-30,0.08201026854415734,0.21419187573095164
930,2020-09-29,0.014023165942894088,0.20788978785276413
931,2020-09-28,0.21420972651013961,0.20724667011736295
932,2020-09-27,0.0009624781087040901,-0.5264203511178493
933,2020-09-26,0.0,0.0
934,2020-09-25,-0.0788148483261466,-0.41148355323821306
935,2020-09-24,-0.05755657993722707,0.051488590135704726
936,2020-09-23,-0.0038708997890353203,-0.24717467517725059
937,2020-09-22,0.2021975191310048,0.21011664322577417
938,2020-09-21,-0.15878283542891344,-0.22908374899998307
939,2020-09-20,0.1038629598915577,0.007448682561516762
940,2020-09-19,-0.1429792046546936,0.47274624928832054
941,2020-09-18,-0.0752649662586359,-0.21712452545762062
942,2020-09-17,0.09858166376749675,0.040820179817577205
943,2020-09-16,0.08277935104874465,0.12678433804271314
944,2020-09-15,0.02244029762223363,0.1714803606349354
945,2020-09-14,-0.05959672633219849,0.035417587863224936
946,2020-09-13,-0.030278459812204044,-0.11409107844034831
947,2020-09-12,0.48292664252221584,0.0641210526227951
948,2020-09-11,-0.22860844247043133,-0.14397528922806185
949,2020-09-10,0.24428633571817324,0.03458711232703466
950,2020-09-09,-0.049654481932520866,-0.08395662760982911
951,2020-09-08,-0.05300057493150234,-0.2762071889721685
952,2020-09-07,0.16754776611924171,-0.007270310074090958
953,2020-09-06,-0.39397216588258743,-0.4634510576725006
954,2020-09-05,-0.3173882228632768,0.1452332836472326
955,2020-09-04,-0.03299810817199094,-0.032791967038065195
956,2020-09-03,-0.07012867910618131,0.1520203405313871
957,2020-09-02,-0.026126853835124236,0.01018339954316616
958,2020-09-01,0.08310067700222135,-0.2689335159084294
959,2020-08-31,0.164758922603841,0.1668534465611745
960,2020-08-30,0.880636990070343,0.9149419665336609
961,2020-08-29,0.0,0.0
962,2020-08-28,-0.20616238156799227,-0.16491910140030086
963,2020-08-27,-0.006305681933697902,-0.06607455110765602
964,2020-08-26,0.10359160136431456,0.14780030758508172
965,2020-08-25,-0.12802095541899855,-0.07397592804309996
966,2020-08-24,-0.026295099096993606,-0.012486398840943972
967,2020-08-23,0.573781430721283,0.7898458242416382
968,2020-08-22,0.026918962597846985,0.12317453324794769
969,2020-08-21,-0.1829590257257223,-0.31324662998891795
970,2020-08-20,-0.04663194144765536,-0.18781078358491263
971,2020-08-19,-0.08919880858489446,0.08085017961760362
972,2020-08-18,-0.09879762315679164,-0.10437642298047506
973,2020-08-17,0.1428597518666224,0.12219782939858058
974,2020-08-16,-0.03313826024532318,-0.28067438718345433
975,2020-08-15,0.15351268649101257,0.1062905341386795
976,2020-08-14,-0.13160527795553206,-0.11568953916430473
977,2020-08-13,-0.2018257933003562,-0.14935009673769986
978,2020-08-12,0.4689011708833277,-0.03783851722255349
979,2020-08-11,0.029145364434673235,0.2167179616024861
980,2020-08-10,-0.07715172948021638,0.21693143075364726
981,2020-08-09,0.11474986933171749,0.11289975605905056
982,2020-08-08,-0.876275360584259,-0.0013362914323806763
983,2020-08-07,0.0653488477692008,0.12916949099033243
984,2020-08-06,-0.06400010448235732,0.14457586035132408
985,2020-08-05,0.01142504153882756,0.031721881791657094
986,2020-08-04,0.07320479038906724,-0.05052978061793143
987,2020-08-03,-0.13414791519088404,-0.009475072845816612
988,2020-08-02,0.15417147129774095,0.2566733628511429
989,2020-08-01,0.07690487802028656,0.680623471736908
990,2020-07-31,-0.03441661082046187,-0.2649002609693486
991,2020-07-30,0.1557245934382081,-0.09771146474835965
992,2020-07-29,-0.11120747712751229,-0.00278684401447758
993,2020-07-28,-0.1759693251834029,-0.01207816033136277
994,2020-07-27,-0.038570217322558165,-0.08503321622265503
995,2020-07-26,-0.15386748872697353,-0.24437744729220867
996,2020-07-25,0.05213279649615288,-0.01138802245259285
997,2020-07-24,-0.15783933689817786,0.014514351729303598
998,2020-07-23,-0.11799839080164307,-0.2724305488692041
999,2020-07-22,-0.2774703144095838,-0.28858396798993147
1000,2020-07-21,0.006085238286427089,0.06201446881251676
1001,2020-07-20,0.164001384176887,0.27751645657162255
1002,2020-07-19,0.06989946775138378,0.013070125132799149
1003,2020-07-18,0.6785488128662109,-0.889323890209198
1004,2020-07-17,0.053994350135326385,0.0034271194957769834
1005,2020-07-16,0.020543677184511635,-0.1958667068723954
1006,2020-07-15,-0.017779630032323655,-0.08113437494824802
1007,2020-07-14,-0.026824366656087693,-0.22003621918459734
1008,2020-07-13,0.03694544785789081,0.08401234818267679
1009,2020-07-12,-0.009344334403673807,-0.20213078583280245
1010,2020-07-11,0.0,0.0
1011,2020-07-10,-0.047594614844355315,-0.179267724044621
1012,2020-07-09,-0.3146141110919416,-0.021245897805783898
1013,2020-07-08,-0.1455667255860236,-0.21090713419296125
1014,2020-07-07,0.28717275622945565,0.14825715246395424
1015,2020-07-06,-0.15623076756795248,-0.12023944424948205
1016,2020-07-05,0.0,0.0
1017,2020-07-04,-0.38639555126428604,0.2257094169035554
