Date,Open,High,Low,Close,Adj Close,Volume
2023/4/17,165.089996,165.389999,164.029999,165.229996,165.229996,41516200
2023/4/14,164.589996,166.320007,163.820007,165.210007,165.210007,49337200
2023/4/13,161.630005,165.800003,161.419998,165.559998,165.559998,68445600
2023/4/12,161.220001,162.059998,159.779999,160.100006,160.100006,50133100
2023/4/11,162.350006,162.360001,160.509995,160.800003,160.800003,47644200
2023/4/10,161.419998,162.029999,160.080002,162.029999,162.029999,47716900
2023/4/6,162.429993,164.960007,162,164.660004,164.660004,45390100
2023/4/5,164.740005,165.050003,161.800003,163.759995,163.759995,51511700
2023/4/4,166.600006,166.839996,165.110001,165.630005,165.630005,46278300
2023/4/3,164.270004,166.289993,164.220001,166.169998,166.169998,56976200
2023/3/31,162.440002,165,161.910004,164.899994,164.899994,68694700
2023/3/30,161.529999,162.470001,161.270004,162.360001,162.360001,49501700
2023/3/29,159.369995,161.050003,159.350006,160.770004,160.770004,51305700
2023/3/28,157.970001,158.490005,155.979996,157.649994,157.649994,45992200
2023/3/27,159.940002,160.770004,157.869995,158.279999,158.279999,52390300
2023/3/24,158.860001,160.339996,157.850006,160.25,160.25,59196500
2023/3/23,158.830002,161.550003,157.679993,158.929993,158.929993,67622100
2023/3/22,159.300003,162.139999,157.809998,157.830002,157.830002,75701800
2023/3/21,157.320007,159.399994,156.539993,159.279999,159.279999,73938300
2023/3/20,155.070007,157.820007,154.149994,157.399994,157.399994,73641400
2023/3/17,156.080002,156.740005,154.279999,155,155,98944600
2023/3/16,152.160004,156.460007,151.639999,155.850006,155.850006,76161100
2023/3/15,151.190002,153.25,149.919998,152.990005,152.990005,77167900
2023/3/14,151.279999,153.399994,150.100006,152.589996,152.589996,73695900
2023/3/13,147.809998,153.139999,147.699997,150.470001,150.470001,84457100
2023/3/10,150.210007,150.940002,147.610001,148.5,148.5,68572400
2023/3/9,153.559998,154.539993,150.229996,150.589996,150.589996,53833600
2023/3/8,152.809998,153.470001,151.830002,152.869995,152.869995,47204800
2023/3/7,153.699997,154.029999,151.130005,151.600006,151.600006,56182000
2023/3/6,153.789993,156.300003,153.460007,153.830002,153.830002,87558000
2023/3/3,148.039993,151.110001,147.330002,151.029999,151.029999,70732300
2023/3/2,144.380005,146.710007,143.899994,145.910004,145.910004,52238100
2023/3/1,146.830002,147.229996,145.009995,145.309998,145.309998,55479000
2023/2/28,147.050003,149.080002,146.830002,147.410004,147.410004,50547000
2023/2/27,147.710007,149.169998,147.449997,147.919998,147.919998,44998500
2023/2/24,147.110001,147.190002,145.720001,146.710007,146.710007,55469600
2023/2/23,150.089996,150.339996,147.240005,149.399994,149.399994,48394200
2023/2/22,148.869995,149.949997,147.160004,148.910004,148.910004,51011300
2023/2/21,150.199997,151.300003,148.410004,148.479996,148.479996,58867200
2023/2/17,152.350006,153,150.850006,152.550003,152.550003,59144100
2023/2/16,153.509995,156.330002,153.350006,153.710007,153.710007,68167900
2023/2/15,153.110001,155.5,152.880005,155.330002,155.330002,65573800
2023/2/14,152.119995,153.770004,150.860001,153.199997,153.199997,61707600
2023/2/13,150.949997,154.259995,150.919998,153.850006,153.850006,62199000
2023/2/10,149.460007,151.339996,149.220001,151.009995,151.009995,57450700
2023/2/9,153.779999,154.330002,150.419998,150.869995,150.639999,56007100
2023/2/8,153.880005,154.580002,151.169998,151.919998,151.6884,64120100
2023/2/7,150.639999,155.229996,150.639999,154.649994,154.41423,83322600
2023/2/6,152.570007,153.100006,150.779999,151.729996,151.498688,69858300
2023/2/3,148.029999,157.380005,147.830002,154.5,154.264465,154357300
2023/2/2,148.899994,151.179993,148.169998,150.820007,150.590088,118339000
2023/2/1,143.970001,146.610001,141.320007,145.429993,145.208282,77663600
2023/1/31,142.699997,144.339996,142.279999,144.289993,144.070023,65874500
2023/1/30,144.960007,145.550003,142.850006,143,142.781998,64015300
2023/1/27,143.160004,147.229996,143.080002,145.929993,145.70752,70555800
2023/1/26,143.169998,144.25,141.899994,143.960007,143.74054,54105100
2023/1/25,140.889999,142.429993,138.809998,141.860001,141.643738,65799300
2023/1/24,140.309998,143.160004,140.300003,142.529999,142.312714,66435100
2023/1/23,138.119995,143.320007,137.899994,141.110001,140.894882,81760300
2023/1/20,135.279999,138.020004,134.220001,137.869995,137.659805,80223600
2023/1/19,134.080002,136.25,133.770004,135.270004,135.063782,58280400
2023/1/18,136.820007,138.610001,135.029999,135.210007,135.003876,69672800
2023/1/17,134.830002,137.289993,134.130005,135.940002,135.732758,63646600
2023/1/13,132.029999,134.919998,131.660004,134.759995,134.55455,57809700
2023/1/12,133.880005,134.259995,131.440002,133.410004,133.206619,71379600
2023/1/11,131.25,133.509995,130.460007,133.490005,133.286499,69458900
2023/1/10,130.259995,131.259995,128.119995,130.729996,130.530701,63896200
2023/1/9,130.470001,133.410004,129.889999,130.149994,129.951584,70790800
2023/1/6,126.010002,130.289993,124.889999,129.619995,129.422394,87754700
2023/1/5,127.129997,127.769997,124.760002,125.019997,124.829399,80962700
2023/1/4,126.889999,128.660004,125.080002,126.360001,126.167366,89113600
2023/1/3,130.279999,130.899994,124.169998,125.07,124.879326,112117500
2022/12/30,128.410004,129.949997,127.43,129.929993,129.731918,77034200
2022/12/29,127.989998,130.479996,127.730003,129.610001,129.412415,75703700
2022/12/28,129.669998,131.029999,125.870003,126.040001,125.847855,85438400
2022/12/27,131.380005,131.410004,128.720001,130.029999,129.831772,69007800
2022/12/23,130.919998,132.419998,129.639999,131.860001,131.658981,63814900
2022/12/22,134.350006,134.559998,130.300003,132.229996,132.028412,77852100
2022/12/21,132.979996,136.809998,132.75,135.449997,135.2435,85928000
2022/12/20,131.389999,133.25,129.889999,132.300003,132.098312,77432800
2022/12/19,135.110001,135.199997,131.320007,132.369995,132.168198,79592600
2022/12/16,136.690002,137.649994,133.729996,134.509995,134.304932,160156900
2022/12/15,141.110001,141.800003,136.029999,136.5,136.291901,98931900
2022/12/14,145.350006,146.660004,141.160004,143.210007,142.991684,82291200
2022/12/13,149.5,149.970001,144.240005,145.470001,145.24823,93886200
2022/12/12,142.699997,144.5,141.059998,144.490005,144.26973,70462700
2022/12/9,142.339996,145.570007,140.899994,142.160004,141.943283,76097000
2022/12/8,142.360001,143.520004,141.100006,142.649994,142.432526,62128300
2022/12/7,142.190002,143.369995,140,140.940002,140.725143,69721100
2022/12/6,147.070007,147.300003,141.919998,142.910004,142.692139,64727200
2022/12/5,147.770004,150.919998,145.770004,146.630005,146.406464,68826400
2022/12/2,145.960007,148,145.649994,147.809998,147.584656,65447400
2022/12/1,148.210007,149.130005,146.610001,148.309998,148.083893,71250400
2022/11/30,141.399994,148.720001,140.550003,148.029999,147.804321,111380900
2022/11/29,144.289993,144.809998,140.350006,141.169998,140.954788,83763800
2022/11/28,145.139999,146.639999,143.380005,144.220001,144.000137,69246000
2022/11/25,148.309998,148.880005,147.119995,148.110001,147.884201,35195900
2022/11/23,149.449997,151.830002,149.339996,151.070007,150.839706,58301400
2022/11/22,148.130005,150.419998,146.929993,150.179993,149.951035,51804100
2022/11/21,150.160004,150.369995,147.720001,148.009995,147.784348,58724100
2022/11/18,152.309998,152.699997,149.970001,151.289993,151.059357,74829600
2022/11/17,146.429993,151.479996,146.149994,150.720001,150.490234,80389400
2022/11/16,149.130005,149.869995,147.289993,148.789993,148.563156,64218300
2022/11/15,152.220001,153.589996,148.559998,150.039993,149.811249,89868300
2022/11/14,148.970001,150.279999,147.429993,148.279999,148.05394,73374100
2022/11/11,145.820007,150.009995,144.369995,149.699997,149.471771,93979700
2022/11/10,141.240005,146.869995,139.5,146.869995,146.646088,118854000
2022/11/9,138.5,138.550003,134.589996,134.869995,134.664383,74917800
2022/11/8,140.410004,141.429993,137.490005,139.5,139.287338,89908500
2022/11/7,137.110001,139.149994,135.669998,138.919998,138.708206,83374600
2022/11/4,142.089996,142.669998,134.380005,138.380005,138.169037,140814800
2022/11/3,142.059998,142.800003,138.75,138.880005,138.438629,97918500
2022/11/2,148.949997,152.169998,145,145.029999,144.569077,93604600
2022/11/1,155.080002,155.449997,149.130005,150.649994,150.171204,80379300
2022/10/31,153.160004,154.240005,151.919998,153.339996,152.852661,97943200
2022/10/28,148.199997,157.5,147.820007,155.740005,155.245056,164762400
2022/10/27,148.070007,149.050003,144.130005,144.800003,144.339813,109180200
2022/10/26,150.960007,151.990005,148.039993,149.350006,148.875351,88194300
2022/10/25,150.089996,152.490005,149.360001,152.339996,151.85585,74732300
2022/10/24,147.190002,150.229996,146,149.449997,148.975021,75981900
2022/10/21,142.869995,147.850006,142.649994,147.270004,146.801971,86548600
2022/10/20,143.020004,145.889999,142.649994,143.389999,142.934296,64522000
2022/10/19,141.690002,144.949997,141.5,143.860001,143.402802,61758300
2022/10/18,145.490005,146.699997,140.610001,143.75,143.293152,99136600
2022/10/17,141.070007,142.899994,140.270004,142.410004,141.957413,85250900
2022/10/14,144.309998,144.520004,138.190002,138.380005,137.940216,88598000
2022/10/13,134.990005,143.589996,134.369995,142.990005,142.535583,113224000
2022/10/12,139.130005,140.360001,138.160004,138.339996,137.90033,70433700
2022/10/11,139.899994,141.350006,138.220001,138.979996,138.5383,77033700
2022/10/10,140.419998,141.889999,138.570007,140.419998,139.973724,74899000
2022/10/7,142.539993,143.100006,139.449997,140.089996,139.644775,85925600
2022/10/6,145.809998,147.539993,145.220001,145.429993,144.967804,68402200
2022/10/5,144.070007,147.380005,143.009995,146.399994,145.934708,79471000
2022/10/4,145.029999,146.220001,144.259995,146.100006,145.635681,87830100
2022/10/3,138.210007,143.070007,137.690002,142.449997,141.997269,114311700
2022/9/30,141.279999,143.100006,138,138.199997,137.760773,124925300
2022/9/29,146.100006,146.720001,140.679993,142.479996,142.027176,128138200
2022/9/28,147.639999,150.639999,144.839996,149.839996,149.363785,146691400
2022/9/27,152.740005,154.720001,149.949997,151.759995,151.277695,84442700
2022/9/26,149.660004,153.770004,149.639999,150.770004,150.290833,93339400
2022/9/23,151.190002,151.470001,148.559998,150.429993,149.951904,96029900
2022/9/22,152.380005,154.470001,150.910004,152.740005,152.254578,86652500
2022/9/21,157.339996,158.740005,153.600006,153.720001,153.231461,101696800
2022/9/20,153.399994,158.080002,153.080002,156.899994,156.401352,107689800
2022/9/19,149.309998,154.559998,149.100006,154.479996,153.989029,81474200
2022/9/16,151.210007,151.350006,148.369995,150.699997,150.221054,162278800
2022/9/15,154.649994,155.240005,151.380005,152.369995,151.885742,90481100
2022/9/14,154.789993,157.100006,153.610001,155.309998,154.816406,87965400
2022/9/13,159.899994,160.539993,153.369995,153.839996,153.351074,122656600
2022/9/12,159.589996,164.259995,159.300003,163.429993,162.910599,104956000
2022/9/9,155.470001,157.820007,154.75,157.369995,156.869858,68028800
2022/9/8,154.639999,156.360001,152.679993,154.460007,153.969116,84923800
2022/9/7,154.820007,156.669998,153.610001,155.960007,155.464355,87449600
2022/9/6,156.470001,157.089996,153.690002,154.529999,154.038879,73714800
2022/9/2,159.75,160.360001,154.970001,155.809998,155.314819,76957800
2022/9/1,156.639999,158.419998,154.669998,157.960007,157.457993,74229900
2022/8/31,160.309998,160.580002,157.139999,157.220001,156.720337,87991100
2022/8/30,162.130005,162.559998,157.720001,158.910004,158.404984,77906200
2022/8/29,161.149994,162.899994,159.820007,161.380005,160.867126,73314000
2022/8/26,170.570007,171.050003,163.559998,163.619995,163.099991,78961000
2022/8/25,168.779999,170.139999,168.350006,170.029999,169.489624,51218200
2022/8/24,167.320007,168.110001,166.25,167.529999,166.997574,53841500
2022/8/23,167.080002,168.710007,166.649994,167.229996,166.698532,54147100
2022/8/22,169.690002,169.860001,167.139999,167.570007,167.03746,69026800
2022/8/19,173.029999,173.740005,171.309998,171.520004,170.974899,70346300
2022/8/18,173.75,174.899994,173.119995,174.149994,173.596527,62290100
2022/8/17,172.770004,176.149994,172.570007,174.550003,173.99527,79542000
2022/8/16,172.779999,173.710007,171.660004,173.029999,172.480087,56377100
2022/8/15,171.520004,173.389999,171.350006,173.190002,172.639587,54091700
2022/8/12,169.820007,172.169998,169.399994,172.100006,171.553055,68039400
2022/8/11,170.059998,170.990005,168.190002,168.490005,167.954529,57149200
2022/8/10,167.679993,169.339996,166.899994,169.240005,168.702148,70170500
2022/8/9,164.020004,165.820007,163.25,164.919998,164.395859,63135500
2022/8/8,166.369995,167.809998,164.199997,164.869995,164.346024,60276900
2022/8/5,163.210007,165.850006,163,165.350006,164.824509,56697000
2022/8/4,166.009995,167.190002,164.429993,165.809998,165.053772,55474100
2022/8/3,160.839996,166.589996,160.75,166.130005,165.372314,82507500
2022/8/2,160.100006,162.410004,159.630005,160.009995,159.280212,59907000
2022/8/1,161.009995,163.589996,160.889999,161.509995,160.773392,67829400
2022/7/29,161.240005,163.630005,159.5,162.509995,161.768814,101786900
2022/7/28,156.979996,157.639999,154.410004,157.350006,156.63237,81378700
2022/7/27,152.580002,157.330002,152.160004,156.789993,156.074905,78620700
2022/7/26,152.259995,153.089996,150.800003,151.600006,150.9086,55138700
2022/7/25,154.009995,155.039993,152.279999,152.949997,152.252426,53623900
2022/7/22,155.389999,156.279999,153.410004,154.089996,153.387222,66675400
2022/7/21,154.5,155.570007,151.940002,155.350006,154.641479,65086600
2022/7/20,151.119995,153.720001,150.369995,153.039993,152.34201,64823400
2022/7/19,147.919998,151.229996,146.910004,151,150.31131,82982400
2022/7/18,150.740005,151.570007,146.699997,147.070007,146.399246,81420900
2022/7/15,149.779999,150.860001,148.199997,150.169998,149.485107,76259900
2022/7/14,144.080002,148.949997,143.25,148.470001,147.792847,78140700
2022/7/13,142.990005,146.449997,142.119995,145.490005,144.826447,71185600
2022/7/12,145.759995,148.449997,145.050003,145.860001,145.194748,77588800
2022/7/11,145.669998,146.639999,143.779999,144.869995,144.209259,63141600
2022/7/8,145.259995,147.550003,145,147.039993,146.36937,64547800
2022/7/7,143.289993,146.550003,143.279999,146.350006,145.682541,66253700
2022/7/6,141.350006,144.119995,141.080002,142.919998,142.268173,74064300
2022/7/5,137.770004,141.610001,136.929993,141.559998,140.914368,73353800
2022/7/1,136.039993,139.039993,135.660004,138.929993,138.296356,71051600
2022/6/30,137.25,138.369995,133.770004,136.720001,136.096451,98964500
2022/6/29,137.460007,140.669998,136.669998,139.229996,138.595001,66242400
2022/6/28,142.130005,143.419998,137.320007,137.440002,136.813171,67083400
2022/6/27,142.699997,143.490005,140.970001,141.660004,141.013916,70207900
2022/6/24,139.899994,141.910004,139.770004,141.660004,141.013916,89116800
2022/6/23,136.820007,138.589996,135.630005,138.270004,137.639374,72433800
2022/6/22,134.789993,137.759995,133.910004,135.350006,134.732697,73409200
2022/6/21,133.419998,137.059998,133.320007,135.869995,135.25032,81000500
2022/6/17,130.070007,133.080002,129.809998,131.559998,130.959976,134520300
2022/6/16,132.080002,132.389999,129.039993,130.059998,129.466812,108123900
2022/6/15,134.289993,137.339996,132.160004,135.429993,134.812317,91533000
2022/6/14,133.130005,133.889999,131.479996,132.759995,132.154495,84784300
2022/6/13,132.869995,135.199997,131.440002,131.880005,131.278519,122207100
2022/6/10,140.279999,140.759995,137.059998,137.130005,136.504578,91437900
2022/6/9,147.080002,147.949997,142.529999,142.639999,141.989441,69473000
2022/6/8,148.580002,149.869995,147.460007,147.960007,147.285187,53950200
2022/6/7,144.350006,149,144.100006,148.710007,148.031769,67808200
2022/6/6,147.029999,148.570007,144.899994,146.139999,145.473495,71598400
2022/6/3,146.899994,147.970001,144.460007,145.380005,144.716949,88570300
2022/6/2,147.830002,151.270004,146.860001,151.210007,150.52037,72348100
2022/6/1,149.899994,151.740005,147.679993,148.710007,148.031769,74286600
2022/5/31,149.070007,150.660004,146.839996,148.839996,148.161179,103718400
2022/5/27,145.389999,149.679993,145.259995,149.639999,148.95752,90978500
2022/5/26,137.389999,144.339996,137.139999,143.779999,143.124237,90601500
2022/5/25,138.429993,141.789993,138.339996,140.520004,139.87912,92482700
2022/5/24,140.809998,141.970001,137.330002,140.360001,139.719833,104132700
2022/5/23,137.789993,143.259995,137.649994,143.110001,142.457291,117726300
2022/5/20,139.089996,140.699997,132.610001,137.589996,136.962463,137426100
2022/5/19,139.880005,141.660004,136.600006,137.350006,136.723572,136095600
2022/5/18,146.850006,147.360001,139.899994,140.820007,140.17775,109742900
2022/5/17,148.860001,149.770004,146.679993,149.240005,148.559357,78336300
2022/5/16,145.550003,147.520004,144.179993,145.539993,144.876221,86643800
2022/5/13,144.589996,148.100006,143.110001,147.110001,146.439072,113990900
2022/5/12,142.770004,146.199997,138.800003,142.559998,141.909805,182602000
2022/5/11,153.5,155.449997,145.809998,146.5,145.831848,142689800
2022/5/10,155.520004,156.740005,152.929993,154.509995,153.805298,115366700
2022/5/9,154.929993,155.830002,151.490005,152.059998,151.366486,131577900
2022/5/6,156.009995,159.440002,154.179993,157.279999,156.562668,116124600
2022/5/5,163.850006,164.080002,154.949997,156.770004,155.82608,130525300
2022/5/4,159.669998,166.479996,159.259995,166.020004,165.02037,108256500
2022/5/3,158.149994,160.710007,156.320007,159.479996,158.51973,88966500
2022/5/2,156.710007,158.229996,153.270004,157.960007,157.008896,123055300
2022/4/29,161.839996,166.199997,157.25,157.649994,156.700745,131747600
2022/4/28,159.25,164.520004,158.929993,163.639999,162.654678,130216800
2022/4/27,155.910004,159.789993,155.380005,156.570007,155.627274,88063200
2022/4/26,162.25,162.339996,156.720001,156.800003,155.855881,95623200
2022/4/25,161.119995,163.169998,158.460007,162.880005,161.899261,96046400
2022/4/22,166.460007,167.869995,161.5,161.789993,160.815796,84882400
2022/4/21,168.910004,171.529999,165.910004,166.419998,165.417953,87227800
2022/4/20,168.759995,168.880005,166.100006,167.229996,166.223068,67929800
2022/4/19,165.020004,167.820007,163.910004,167.399994,166.392029,67723800
2022/4/18,163.919998,166.600006,163.570007,165.070007,164.07608,69023900
2022/4/14,170.619995,171.270004,165.039993,165.289993,164.294739,75329400
2022/4/13,167.389999,171.039993,166.770004,170.399994,169.373978,70618900
2022/4/12,168.020004,169.869995,166.639999,167.660004,166.650497,79265200
2022/4/11,168.710007,169.029999,165.5,165.75,164.751968,72246700
2022/4/8,171.779999,171.779999,169.199997,170.089996,169.065857,76575500
2022/4/7,171.160004,173.360001,169.850006,172.139999,171.1035,77594700
2022/4/6,172.360001,173.630005,170.130005,171.830002,170.79538,89058800
2022/4/5,177.5,178.300003,174.419998,175.059998,174.005905,73401800
2022/4/4,174.570007,178.490005,174.440002,178.440002,177.36557,76468400
2022/4/1,174.029999,174.880005,171.940002,174.309998,173.260422,78751300
2022/3/31,177.839996,178.029999,174.399994,174.610001,173.55864,103049300
2022/3/30,178.550003,179.610001,176.699997,177.770004,176.699615,92633200
2022/3/29,176.690002,179.009995,176.339996,178.960007,177.882446,100589400
2022/3/28,172.169998,175.729996,172,175.600006,174.542694,90371900
2022/3/25,173.880005,175.279999,172.75,174.720001,173.667969,80546200
2022/3/24,171.059998,174.139999,170.210007,174.070007,173.021881,90131400
2022/3/23,167.990005,172.639999,167.649994,170.210007,169.185135,98062700
2022/3/22,165.509995,169.419998,164.910004,168.820007,167.803513,81532000
2022/3/21,163.509995,166.350006,163.009995,165.380005,164.384201,95811400
2022/3/18,160.509995,164.479996,159.759995,163.979996,162.992645,123511700
2022/3/17,158.610001,161,157.630005,160.619995,159.652878,75615400
2022/3/16,157.050003,160,154.460007,159.589996,158.629059,102300200
2022/3/15,150.899994,155.570007,150.380005,155.089996,154.156174,92964300
2022/3/14,151.449997,154.119995,150.100006,150.619995,149.713074,108732100
2022/3/11,158.929993,159.279999,154.5,154.729996,153.79834,96970100
2022/3/10,160.199997,160.389999,155.979996,158.520004,157.565536,105342000
2022/3/9,161.479996,163.410004,159.410004,162.949997,161.968842,91454900
2022/3/8,158.820007,162.880005,155.800003,157.440002,156.49202,131148300
2022/3/7,163.360001,165.020004,159.039993,159.300003,158.34082,96418800
2022/3/4,164.490005,165.550003,162.100006,163.169998,162.187515,83737200
2022/3/3,168.470001,168.910004,165.550003,166.229996,165.229095,76678400
2022/3/2,164.389999,167.360001,162.949997,166.559998,165.557098,79724800
2022/3/1,164.699997,166.600006,161.970001,163.199997,162.217331,83474400
2022/2/28,163.059998,165.419998,162.429993,165.119995,164.125778,95056600
2022/2/25,163.839996,165.119995,160.869995,164.850006,163.857407,91974200
2022/2/24,152.580002,162.850006,152,162.740005,161.760101,141147500
2022/2/23,165.539993,166.149994,159.75,160.070007,159.106186,90009200
2022/2/22,164.979996,166.690002,162.149994,164.320007,163.330597,91162800
2022/2/18,169.820007,170.539993,166.190002,167.300003,166.292633,82772700
2022/2/17,171.029999,171.910004,168.470001,168.880005,167.863144,69589300
2022/2/16,171.850006,173.339996,170.050003,172.550003,171.511032,61177400
2022/2/15,170.970001,172.949997,170.25,172.789993,171.749573,62527400
2022/2/14,167.369995,169.580002,166.559998,168.880005,167.863144,86185500
2022/2/11,172.330002,173.080002,168.039993,168.639999,167.624588,98670700
2022/2/10,174.139999,175.479996,171.550003,172.119995,171.083618,90865900
2022/2/9,176.050003,176.649994,174.899994,176.279999,175.218567,71285000
2022/2/8,171.729996,175.350006,171.429993,174.830002,173.777298,74829200
2022/2/7,172.860001,173.949997,170.949997,171.660004,170.626404,77251200
2022/2/4,171.679993,174.100006,170.679993,172.389999,171.352005,82465400
2022/2/3,174.479996,176.240005,172.119995,172.899994,171.640228,89418100
2022/2/2,174.75,175.880005,173.330002,175.839996,174.558838,84914300
2022/2/1,174.009995,174.839996,172.309998,174.610001,173.337799,86213900
2022/1/31,170.160004,175,169.509995,174.779999,173.506546,115541600
2022/1/28,165.710007,170.350006,162.800003,170.330002,169.088989,179935700
2022/1/27,162.449997,163.839996,158.279999,159.220001,158.059921,121954600
2022/1/26,163.5,164.389999,157.820007,159.690002,158.526505,108275300
2022/1/25,158.979996,162.759995,157.020004,159.779999,158.615829,115798400
2022/1/24,160.020004,162.300003,154.699997,161.619995,160.442444,162294600
2022/1/21,164.419998,166.330002,162.300003,162.410004,161.226685,122848900
2022/1/20,166.979996,169.679993,164.179993,164.509995,163.311386,91420500
2022/1/19,170,171.080002,165.940002,166.229996,165.018845,94815000
2022/1/18,171.509995,172.539993,169.410004,169.800003,168.562851,90956700
2022/1/14,171.339996,173.779999,171.089996,173.070007,171.809006,80440800
2022/1/13,175.779999,176.619995,171.789993,172.190002,170.935425,84505800
2022/1/12,176.119995,177.179993,174.820007,175.529999,174.251083,74805200
2022/1/11,172.320007,175.179993,170.820007,175.080002,173.804382,76138300
2022/1/10,169.080002,172.5,168.169998,172.190002,170.935425,106765600
2022/1/7,172.889999,174.139999,171.029999,172.169998,170.915558,86709100
2022/1/6,172.699997,175.300003,171.639999,172,170.746811,96904000
2022/1/5,179.610001,180.169998,174.639999,174.919998,173.645523,94537600
2022/1/4,182.630005,182.940002,179.119995,179.699997,178.390701,99310400
2022/1/3,177.830002,182.880005,177.710007,182.009995,180.683853,104487900
2021/12/31,178.089996,179.229996,177.259995,177.570007,176.27623,64062300
2021/12/30,179.470001,180.570007,178.089996,178.199997,176.901627,59773000
2021/12/29,179.330002,180.630005,178.139999,179.380005,178.073029,62348900
2021/12/28,180.160004,181.330002,178.529999,179.289993,177.983688,79144300
2021/12/27,177.089996,180.419998,177.070007,180.330002,179.016113,74919600
2021/12/23,175.850006,176.850006,175.270004,176.279999,174.995605,68356600
2021/12/22,173.039993,175.860001,172.149994,175.639999,174.360275,92135300
2021/12/21,171.559998,173.199997,169.119995,172.990005,171.729599,91185900
2021/12/20,168.279999,170.580002,167.460007,169.75,168.513214,107499100
2021/12/17,169.929993,173.470001,169.690002,171.139999,169.893051,195432700
2021/12/16,179.279999,181.139999,170.75,172.259995,171.004913,150185800
2021/12/15,175.110001,179.5,172.309998,179.300003,177.993637,131063300
2021/12/14,175.25,177.740005,172.210007,174.330002,173.059814,139380400
2021/12/13,181.119995,182.130005,175.529999,175.740005,174.459549,153237000
2021/12/10,175.210007,179.630005,174.690002,179.449997,178.142532,115402700
2021/12/9,174.910004,176.75,173.919998,174.559998,173.288132,108923700
2021/12/8,172.130005,175.960007,170.699997,175.080002,173.804382,116998900
2021/12/7,169.080002,171.580002,168.339996,171.179993,169.93277,120405400
2021/12/6,164.289993,167.880005,164.279999,165.320007,164.115479,107497000
2021/12/3,164.020004,164.960007,159.720001,161.839996,160.660828,118023100
2021/12/2,158.740005,164.199997,157.800003,163.759995,162.566833,136739200
2021/12/1,167.479996,170.300003,164.529999,164.770004,163.569473,152052500
2021/11/30,159.990005,165.520004,159.919998,165.300003,164.095627,174048100
2021/11/29,159.369995,161.190002,158.789993,160.240005,159.072479,88748200
2021/11/26,159.570007,160.449997,156.360001,156.809998,155.66748,76959800
2021/11/24,160.75,162.139999,159.639999,161.940002,160.760101,69463600
2021/11/23,161.119995,161.800003,159.059998,161.410004,160.233978,96041900
2021/11/22,161.679993,165.699997,161,161.020004,159.846802,117467900
2021/11/19,157.649994,161.020004,156.529999,160.550003,159.380234,117305600
2021/11/18,153.710007,158.669998,153.050003,157.869995,156.719742,137827700
2021/11/17,151,155,150.990005,153.490005,152.371674,88807000
2021/11/16,149.940002,151.490005,149.339996,151,149.899826,59256200
2021/11/15,150.369995,151.880005,149.429993,150,148.907104,59222800
2021/11/12,148.429993,150.399994,147.479996,149.990005,148.897186,63804000
2021/11/11,148.960007,149.429993,147.679993,147.869995,146.792618,41000000
2021/11/10,150.020004,150.130005,147.850006,147.919998,146.842255,65187100
2021/11/9,150.199997,151.429993,150.059998,150.809998,149.711197,56787900
2021/11/8,151.410004,151.570007,150.160004,150.440002,149.343887,55020900
2021/11/5,151.889999,152.199997,150.059998,151.279999,150.177795,65463900
2021/11/4,151.580002,152.429993,150.639999,150.960007,149.641708,60394600
2021/11/3,150.389999,151.970001,149.820007,151.490005,150.167114,54511500
2021/11/2,148.660004,151.570007,148.649994,150.020004,148.709915,69122000
2021/11/1,148.990005,149.699997,147.800003,148.960007,147.65918,74588300
2021/10/29,147.220001,149.940002,146.410004,149.800003,148.491837,124953200
2021/10/28,149.820007,153.169998,149.720001,152.570007,151.23764,100077900
2021/10/27,149.360001,149.729996,148.490005,148.850006,147.55014,56094900
2021/10/26,149.330002,150.839996,149.009995,149.320007,148.016052,60893400
2021/10/25,148.679993,149.369995,147.619995,148.639999,147.341965,50720600
2021/10/22,149.690002,150.179993,148.639999,148.690002,147.39151,58883400
2021/10/21,148.809998,149.639999,147.869995,149.479996,148.174622,61421000
2021/10/20,148.699997,149.75,148.119995,149.259995,147.956558,58418800
2021/10/19,147.009995,149.169998,146.550003,148.759995,147.460907,76378900
2021/10/18,143.449997,146.839996,143.160004,146.550003,145.270218,85589200
2021/10/15,143.770004,144.899994,143.509995,144.839996,143.57515,67940300
2021/10/14,142.110001,143.880005,141.509995,143.759995,142.504578,69907100
2021/10/13,141.240005,141.399994,139.199997,140.910004,139.679474,78762700
2021/10/12,143.229996,143.25,141.039993,141.509995,140.274216,73035900
2021/10/11,142.270004,144.809998,141.809998,142.809998,141.562897,64452200
2021/10/8,144.029999,144.179993,142.559998,142.899994,141.652069,58773200
2021/10/7,143.059998,144.220001,142.720001,143.289993,142.038681,61732700
2021/10/6,139.470001,142.149994,138.369995,142,140.759949,83221100
2021/10/5,139.490005,142.240005,139.360001,141.110001,139.877731,80861100
2021/10/4,141.759995,142.210007,138.270004,139.139999,137.924927,98322000
2021/10/1,141.899994,142.919998,139.110001,142.649994,141.404266,94639600
2021/9/30,143.660004,144.380005,141.279999,141.5,140.264313,89056700
2021/9/29,142.470001,144.449997,142.029999,142.830002,141.582703,74602000
2021/9/28,143.25,144.75,141.690002,141.910004,140.670731,108972300
2021/9/27,145.470001,145.960007,143.820007,145.369995,144.10051,74150700
2021/9/24,145.660004,147.470001,145.559998,146.919998,145.636978,53477900
2021/9/23,146.649994,147.080002,145.639999,146.830002,145.54776,64838200
2021/9/22,144.449997,146.429993,143.699997,145.850006,144.576324,76404300
2021/9/21,143.929993,144.600006,142.779999,143.429993,142.177444,75834000
2021/9/20,143.800003,144.839996,141.270004,142.940002,141.691742,123478900
2021/9/17,148.820007,148.820007,145.759995,146.059998,144.784485,129868800
2021/9/16,148.440002,148.970001,147.220001,148.789993,147.490646,68034100
2021/9/15,148.559998,149.440002,146.369995,149.029999,147.728546,83281300
2021/9/14,150.350006,151.070007,146.910004,148.119995,146.826508,109296300
2021/9/13,150.630005,151.419998,148.75,149.550003,148.244034,102404300
2021/9/10,155,155.479996,148.699997,148.970001,147.669083,140893200
2021/9/9,155.490005,156.110001,153.949997,154.070007,152.724548,57305700
2021/9/8,156.979996,157.039993,153.979996,155.110001,153.755478,74420200
2021/9/7,154.970001,157.259995,154.389999,156.690002,155.321671,82278300
2021/9/3,153.759995,154.630005,153.089996,154.300003,152.95253,57808700
2021/9/2,153.869995,154.720001,152.399994,153.649994,152.308228,71115500
2021/9/1,152.830002,154.979996,152.339996,152.509995,151.178162,80313700
2021/8/31,152.660004,152.800003,151.289993,151.830002,150.504105,86453100
2021/8/30,149,153.490005,148.610001,153.119995,151.782852,90956700
2021/8/27,147.479996,148.75,146.830002,148.600006,147.302322,55802400
2021/8/26,148.350006,149.119995,147.509995,147.539993,146.251572,48597200
2021/8/25,149.809998,150.320007,147.800003,148.360001,147.064423,58991300
2021/8/24,149.449997,150.860001,149.149994,149.619995,148.3134,48606400
2021/8/23,148.309998,150.190002,147.889999,149.710007,148.402634,60131800
2021/8/20,147.440002,148.5,146.779999,148.190002,146.895905,60549600
2021/8/19,145.029999,148,144.5,146.699997,145.4189,86960300
2021/8/18,149.800003,150.720001,146.149994,146.360001,145.081894,86326000
2021/8/17,150.229996,151.679993,149.089996,150.190002,148.878433,92229700
2021/8/16,148.539993,151.190002,146.470001,151.119995,149.800308,103296000
2021/8/13,148.970001,149.440002,148.270004,149.100006,147.797958,59375000
2021/8/12,146.190002,149.050003,145.839996,148.889999,147.589783,72282600
2021/8/11,146.050003,146.720001,145.529999,145.860001,144.586243,48493500
2021/8/10,146.440002,147.710007,145.300003,145.600006,144.328522,69023100
2021/8/9,146.199997,146.699997,145.520004,146.089996,144.814224,48908700
2021/8/6,146.350006,147.110001,145.630005,146.139999,144.863815,54126800
2021/8/5,146.979996,147.839996,146.169998,147.059998,145.557663,46397700
2021/8/4,147.270004,147.789993,146.279999,146.949997,145.448807,56368300
2021/8/3,145.809998,148.039993,145.179993,147.360001,145.854614,64786600
2021/8/2,146.360001,146.949997,145.25,145.520004,144.033417,62880000
2021/7/30,144.380005,146.330002,144.110001,145.860001,144.369934,70440600
2021/7/29,144.690002,146.550003,144.580002,145.639999,144.152176,56699500
2021/7/28,144.809998,146.970001,142.539993,144.979996,143.498917,118931200
2021/7/27,149.119995,149.210007,145.550003,146.770004,145.270645,104818600
2021/7/26,148.270004,149.830002,147.699997,148.990005,147.467987,72434100
2021/7/23,147.550003,148.720001,146.919998,148.559998,147.042343,71447400
2021/7/22,145.940002,148.199997,145.809998,146.800003,145.300339,77338200
2021/7/21,145.529999,146.130005,144.630005,145.399994,143.914612,74993500
2021/7/20,143.460007,147.100006,142.960007,146.149994,144.656982,96350000
2021/7/19,143.75,144.070007,141.669998,142.449997,140.994766,121434600
2021/7/16,148.460007,149.759995,145.880005,146.389999,144.894531,93251400
2021/7/15,149.240005,150,147.089996,148.479996,146.963165,106820300
2021/7/14,148.100006,149.570007,147.679993,149.149994,147.626328,127050800
2021/7/13,144.029999,147.460007,143.630005,145.639999,144.152176,100827100
2021/7/12,146.210007,146.320007,144,144.5,143.023849,76299700
2021/7/9,142.75,145.649994,142.649994,145.110001,143.627625,99890800
2021/7/8,141.580002,144.059998,140.669998,143.240005,141.776718,105575500
2021/7/7,143.539993,144.889999,142.660004,144.570007,143.09314,104911600
2021/7/6,140.070007,143.149994,140.070007,142.020004,140.569168,108181800
2021/7/2,137.899994,140,137.75,139.960007,138.530212,78852600
2021/7/1,136.600006,137.330002,135.759995,137.270004,135.867691,52485800
2021/6/30,136.169998,137.410004,135.869995,136.960007,135.560852,63261400
2021/6/29,134.800003,136.490005,134.350006,136.330002,134.937286,64556100
2021/6/28,133.410004,135.25,133.350006,134.779999,133.403137,62111300
2021/6/25,133.460007,133.889999,132.809998,133.110001,131.750198,70783700
2021/6/24,134.449997,134.639999,132.929993,133.410004,132.047119,68711000
2021/6/23,133.770004,134.320007,133.229996,133.699997,132.334167,60214200
2021/6/22,132.130005,134.080002,131.619995,133.979996,132.611267,74783600
2021/6/21,130.300003,132.410004,129.210007,132.300003,130.948456,79663300
2021/6/18,130.710007,131.509995,130.240005,130.460007,129.127258,108953300
2021/6/17,129.800003,132.550003,129.649994,131.789993,130.443665,96721700
2021/6/16,130.369995,130.889999,128.460007,130.149994,128.820435,91815000
2021/6/15,129.940002,130.600006,129.389999,129.639999,128.315628,62746300
2021/6/14,127.82,130.539993,127.07,130.479996,129.147064,96906500
2021/6/11,126.529999,127.440002,126.099998,127.349998,126.049034,53522400
2021/6/10,127.019997,128.190002,125.940002,126.110001,124.821709,71186400
2021/6/9,127.209999,127.75,126.519997,127.129997,125.831276,56877900
2021/6/8,126.599998,128.460007,126.209999,126.739998,125.445267,74403800
2021/6/7,126.169998,126.32,124.830002,125.900002,124.613853,71057600
2021/6/4,124.07,126.160004,123.849998,125.889999,124.603951,75169300
2021/6/3,124.68,124.849998,123.129997,123.540001,122.277946,76229200
2021/6/2,124.279999,125.239998,124.050003,125.059998,123.782425,59278900
2021/6/1,125.080002,125.349998,123.940002,124.279999,123.010391,67637100
2021/5/28,125.57,125.800003,124.550003,124.610001,123.337021,71311100
2021/5/27,126.440002,127.639999,125.080002,125.279999,124.000183,94625600
2021/5/26,126.959999,127.389999,126.419998,126.849998,125.554146,56575900
2021/5/25,127.82,128.320007,126.32,126.900002,125.60363,72009500
2021/5/24,126.010002,127.940002,125.940002,127.099998,125.80159,63092900
2021/5/21,127.82,128,125.209999,125.43,124.148651,79295400
2021/5/20,125.230003,127.720001,125.099998,127.309998,126.00943,76857100
2021/5/19,123.160004,124.919998,122.860001,124.690002,123.416206,92612000
2021/5/18,126.559998,126.989998,124.779999,124.849998,123.574585,63342900
2021/5/17,126.82,126.93,125.169998,126.269997,124.980072,74244600
2021/5/14,126.25,127.889999,125.849998,127.449997,126.148018,81918000
2021/5/13,124.580002,126.150002,124.260002,124.970001,123.693352,105861300
2021/5/12,123.400002,124.639999,122.25,122.769997,121.515823,112172300
2021/5/11,123.5,126.269997,122.769997,125.910004,124.623749,126142800
2021/5/10,129.410004,129.539993,126.809998,126.849998,125.554146,88071200
2021/5/7,130.850006,131.259995,129.479996,130.210007,128.879822,78973300
2021/5/6,127.889999,129.75,127.129997,129.740005,128.196869,78128300
2021/5/5,129.199997,130.449997,127.970001,128.100006,126.576378,84000900
2021/5/4,131.190002,131.490005,126.699997,127.849998,126.329346,137564700
2021/5/3,132.039993,134.070007,131.830002,132.539993,130.963547,75135100
2021/4/30,131.779999,133.559998,131.070007,131.460007,129.896423,109839500
2021/4/29,136.470001,137.070007,132.449997,133.479996,131.892365,151101000
2021/4/28,134.309998,135.020004,133.080002,133.580002,131.991211,107760100
2021/4/27,135.009995,135.410004,134.110001,134.389999,132.791565,66015800
2021/4/26,134.830002,135.059998,133.559998,134.720001,133.11763,66905100
2021/4/23,132.160004,135.119995,132.160004,134.320007,132.722382,78657500
2021/4/22,133.039993,134.149994,131.410004,131.940002,130.370712,84566500
2021/4/21,132.360001,133.75,131.300003,133.5,131.91214,68847100
2021/4/20,135.020004,135.529999,131.809998,133.110001,131.52681,94812300
2021/4/19,133.509995,135.470001,133.339996,134.839996,133.236191,94264200
2021/4/16,134.300003,134.669998,133.279999,134.160004,132.564285,84922400
2021/4/15,133.820007,135,133.639999,134.5,132.900253,89347100
2021/4/14,134.940002,135,131.660004,132.029999,130.459625,87222800
2021/4/13,132.440002,134.660004,131.929993,134.429993,132.83107,91266500
2021/4/12,132.520004,132.850006,130.630005,131.240005,129.679031,91420000
2021/4/9,129.800003,133.039993,129.470001,133,131.418076,106686700
2021/4/8,128.949997,130.389999,128.520004,130.360001,128.809494,88844600
2021/4/7,125.830002,127.919998,125.139999,127.900002,126.378761,83466700
2021/4/6,126.5,127.129997,125.650002,126.209999,124.708839,80171300
2021/4/5,123.870003,126.160004,123.07,125.900002,124.40255,88651200
2021/4/1,123.660004,124.18,122.489998,123,121.537033,75089100
2021/3/31,121.650002,123.519997,121.150002,122.150002,120.697136,118323800
2021/3/30,120.110001,120.400002,118.860001,119.900002,118.473907,85671900
2021/3/29,121.650002,122.580002,120.730003,121.389999,119.94619,80819200
2021/3/26,120.349998,121.480003,118.919998,121.209999,119.768318,94071200
2021/3/25,119.540001,121.660004,119,120.589996,119.155693,98844700
2021/3/24,122.82,122.900002,120.07,120.089996,118.661636,88530500
2021/3/23,123.330002,124.239998,122.139999,122.540001,121.082512,95467100
2021/3/22,120.330002,123.870003,120.260002,123.389999,121.922401,111912300
2021/3/19,119.900002,121.43,119.68,119.989998,118.562836,185549500
2021/3/18,122.879997,123.18,120.32,120.529999,119.096413,121229700
2021/3/17,124.050003,125.860001,122.339996,124.760002,123.2761,111932600
2021/3/16,125.699997,127.220001,124.720001,125.57,124.076477,115227900
2021/3/15,121.410004,124,120.419998,123.989998,122.515259,92403800
2021/3/12,120.400002,121.169998,119.160004,121.029999,119.590469,88105100
2021/3/11,122.540001,123.209999,121.260002,121.959999,120.509407,103026500
2021/3/10,121.690002,122.169998,119.449997,119.980003,118.552956,111943300
2021/3/9,119.029999,122.059998,118.790001,121.089996,119.64975,129525800
2021/3/8,120.93,121,116.209999,116.360001,114.976006,154376600
2021/3/5,120.980003,121.940002,117.57,121.419998,119.975815,153766600
2021/3/4,121.75,123.599998,118.620003,120.129997,118.701164,178155000
2021/3/3,124.809998,125.709999,121.839996,122.059998,120.608215,112966300
2021/3/2,128.410004,128.720001,125.010002,125.120003,123.631821,102260900
2021/3/1,123.75,127.93,122.790001,127.790001,126.270065,116307900
2021/2/26,122.589996,124.849998,121.199997,121.260002,119.817726,164560400
2021/2/25,124.68,126.459999,120.540001,120.989998,119.550934,148199500
2021/2/24,124.940002,125.559998,122.230003,125.349998,123.859085,111039900
2021/2/23,123.760002,126.709999,118.389999,125.860001,124.363014,158273000
2021/2/22,128.009995,129.720001,125.599998,126,124.50135,103916400
2021/2/19,130.240005,130.710007,128.800003,129.869995,128.325302,87668800
2021/2/18,129.199997,130,127.410004,129.710007,128.167221,96856700
2021/2/17,131.25,132.220001,129.470001,130.839996,129.283783,97918500
2021/2/16,135.490005,136.009995,132.789993,133.190002,131.605835,80576300
2021/2/12,134.350006,135.529999,133.690002,135.369995,133.759872,60145100
2021/2/11,135.899994,136.389999,133.770004,135.130005,133.522766,64280000
2021/2/10,136.479996,136.990005,134.399994,135.389999,133.779648,73046600
2021/2/9,136.619995,137.880005,135.850006,136.009995,134.392303,76774200
2021/2/8,136.029999,136.960007,134.919998,136.910004,135.281586,71297200
2021/2/5,137.350006,137.419998,135.860001,136.759995,135.133347,75693800
2021/2/4,136.300003,137.399994,134.589996,137.389999,135.553329,84183100
2021/2/3,135.759995,135.770004,133.610001,133.940002,132.149414,89880900
2021/2/2,135.729996,136.309998,134.610001,134.990005,133.185425,83305400
2021/2/1,133.75,135.380005,130.929993,134.139999,132.346756,106239800
2021/1/29,135.830002,136.740005,130.210007,131.960007,130.195938,177523800
2021/1/28,139.520004,141.990005,136.699997,137.089996,135.257339,142621100
2021/1/27,143.429993,144.300003,140.410004,142.059998,140.160904,140843800
2021/1/26,143.600006,144.300003,141.369995,143.160004,141.246216,98390600
2021/1/25,143.070007,145.089996,136.539993,142.919998,141.009399,157611700
2021/1/22,136.279999,139.850006,135.020004,139.070007,137.210876,114459400
2021/1/21,133.800003,139.669998,133.589996,136.869995,135.040268,120150900
2021/1/20,128.660004,132.490005,128.550003,132.029999,130.264969,104319500
2021/1/19,127.779999,128.710007,126.940002,127.830002,126.121124,90757300
2021/1/15,128.779999,130.220001,127,127.139999,125.440331,111598500
2021/1/14,130.800003,131,128.759995,128.910004,127.186691,90221800
2021/1/13,128.759995,131.449997,128.490005,130.889999,129.140213,88636800
2021/1/12,128.5,129.690002,126.860001,128.800003,127.078148,91951100
2021/1/11,129.190002,130.169998,128.5,128.979996,127.25573,100384500
2021/1/8,132.429993,132.630005,130.229996,132.050003,130.284698,105158200
2021/1/7,128.360001,131.630005,127.860001,130.919998,129.169815,109578200
2021/1/6,127.720001,131.050003,126.379997,126.599998,124.907562,155088000
2021/1/5,128.889999,131.740005,128.429993,131.009995,129.258606,97664900
2021/1/4,133.520004,133.610001,126.760002,129.410004,127.680008,143301900
2020/12/31,134.080002,134.740005,131.720001,132.690002,130.916168,99116600
2020/12/30,135.580002,135.990005,133.399994,133.720001,131.932373,96452100
2020/12/29,138.050003,138.789993,134.339996,134.869995,133.067001,121047300
2020/12/28,133.990005,137.339996,133.509995,136.690002,134.862686,124486200
2020/12/24,131.320007,133.460007,131.100006,131.970001,130.20578,54930100
2020/12/23,132.160004,132.429993,130.779999,130.960007,129.209259,88223700
2020/12/22,131.610001,134.410004,129.649994,131.880005,130.116959,168904800
2020/12/21,125.019997,128.309998,123.449997,128.229996,126.51577,121251600
2020/12/18,128.960007,129.100006,126.120003,126.660004,124.966759,192541500
2020/12/17,128.899994,129.580002,128.039993,128.699997,126.979477,94359800
2020/12/16,127.410004,128.369995,126.559998,127.809998,126.101387,98208600
2020/12/15,124.339996,127.900002,124.129997,127.879997,126.170448,157243700
2020/12/14,122.599998,123.349998,121.540001,121.779999,120.152,79184500
2020/12/11,122.43,122.760002,120.550003,122.410004,120.773582,86939800
2020/12/10,120.5,123.870003,120.150002,123.239998,121.592484,81312200
2020/12/9,124.529999,125.949997,121,121.779999,120.152,115089200
2020/12/8,124.370003,124.980003,123.089996,124.379997,122.717239,82225500
2020/12/7,122.309998,124.57,122.25,123.75,122.095657,86712000
2020/12/4,122.599998,122.860001,121.519997,122.25,120.615715,78260400
2020/12/3,123.519997,123.779999,122.209999,122.940002,121.296494,78967600
2020/12/2,122.019997,123.370003,120.889999,123.080002,121.434631,89004200
2020/12/1,121.010002,123.470001,120.010002,122.720001,121.07943,127728200
2020/11/30,116.970001,120.970001,116.809998,119.050003,117.458496,169410200
2020/11/27,116.57,117.489998,116.220001,116.589996,115.031387,46691300
2020/11/25,115.550003,116.75,115.169998,116.029999,114.478867,76499200
2020/11/24,113.910004,115.849998,112.589996,115.169998,113.630371,113874200
2020/11/23,117.18,117.620003,113.75,113.849998,112.328018,127959300
2020/11/20,118.639999,118.769997,117.290001,117.339996,115.771347,73604300
2020/11/19,117.589996,119.059998,116.809998,118.639999,117.053978,74113000
2020/11/18,118.610001,119.82,118,118.029999,116.452133,76322100
2020/11/17,119.550003,120.669998,118.959999,119.389999,117.793953,74271000
2020/11/16,118.919998,120.989998,118.150002,120.300003,118.691803,91183000
2020/11/13,119.440002,119.669998,117.870003,119.260002,117.665695,81581900
2020/11/12,119.620003,120.529999,118.57,119.209999,117.616348,103162300
2020/11/11,117.190002,119.629997,116.440002,119.489998,117.892609,112295000
2020/11/10,115.550003,117.589996,114.129997,115.970001,114.419662,138023400
2020/11/9,120.5,121.989998,116.050003,116.32,114.764984,154515300
2020/11/6,118.32,119.199997,116.129997,118.690002,117.10331,114457900
2020/11/5,117.949997,119.620003,116.870003,119.029999,117.236511,126387100
2020/11/4,114.139999,115.589996,112.349998,114.949997,113.217979,138235500
2020/11/3,109.660004,111.489998,108.730003,110.440002,108.775932,107624400
2020/11/2,109.110001,110.68,107.32,108.769997,107.131088,122866900
2020/10/30,111.059998,111.989998,107.720001,108.860001,107.219742,190272600
2020/10/29,112.370003,116.93,112.199997,115.32,113.582397,146129200
2020/10/28,115.050003,115.43,111.099998,111.199997,109.524475,143937800
2020/10/27,115.489998,117.279999,114.540001,116.599998,114.843124,92276800
2020/10/26,114.010002,116.550003,112.879997,115.050003,113.316475,111850700
2020/10/23,116.389999,116.550003,114.279999,115.040001,113.30661,82572600
2020/10/22,117.449997,118.040001,114.589996,115.75,114.005936,101988000
2020/10/21,116.669998,118.709999,116.449997,116.870003,115.109047,89946000
2020/10/20,116.199997,118.980003,115.629997,117.510002,115.739403,124423700
2020/10/19,119.959999,120.419998,115.660004,115.980003,114.232445,120639300
2020/10/16,121.279999,121.550003,118.809998,119.019997,117.226662,115393800
2020/10/15,118.720001,121.199997,118.150002,120.709999,118.891182,112559200
2020/10/14,121,123.029999,119.620003,121.190002,119.363953,150712000
2020/10/13,125.269997,125.389999,119.650002,121.099998,119.275314,262330500
2020/10/12,120.059998,125.18,119.279999,124.400002,122.525597,240226800
2020/10/9,115.279999,117,114.919998,116.970001,115.207527,100506900
2020/10/8,116.25,116.400002,114.589996,114.970001,113.237671,83477200
2020/10/7,114.620003,115.550003,114.129997,115.080002,113.346024,96849000
2020/10/6,115.699997,116.120003,112.25,113.160004,111.454948,161498200
2020/10/5,113.910004,116.650002,113.550003,116.5,114.744621,106243800
2020/10/2,112.889999,115.370003,112.220001,113.019997,111.317055,144712000
2020/10/1,117.639999,117.720001,115.830002,116.790001,115.030251,116120400
2020/9/30,113.790001,117.260002,113.620003,115.809998,114.065018,142675200
2020/9/29,114.550003,115.309998,113.57,114.089996,112.370934,99382200
2020/9/28,115.010002,115.32,112.779999,114.959999,113.227821,137672400
2020/9/25,108.43,112.440002,107.669998,112.279999,110.588211,149981400
2020/9/24,105.169998,110.25,105,108.220001,106.589386,167743300
2020/9/23,111.620003,112.110001,106.769997,107.120003,105.505951,150718700
2020/9/22,112.68,112.860001,109.160004,111.809998,110.125282,183055400
2020/9/21,104.540001,110.190002,103.099998,110.080002,108.421356,195713800
2020/9/18,110.400002,110.879997,106.089996,106.839996,105.230164,287104900
2020/9/17,109.720001,112.199997,108.709999,110.339996,108.677429,178011000
2020/9/16,115.230003,116,112.040001,112.129997,110.44046,154679000
2020/9/15,118.330002,118.830002,113.610001,115.540001,113.799095,184642000
2020/9/14,114.720001,115.93,112.800003,115.360001,113.621811,140150100
2020/9/11,114.57,115.230003,110,112,110.312424,180860300
2020/9/10,120.360001,120.5,112.5,113.489998,111.779968,182274400
2020/9/9,117.260002,119.139999,115.260002,117.32,115.552277,176940500
2020/9/8,113.949997,118.989998,112.68,112.82,111.120064,231366600
2020/9/4,120.07,123.699997,110.889999,120.959999,119.137421,332607200
2020/9/3,126.910004,128.839996,120.5,120.879997,119.058624,257599600
2020/9/2,137.589996,137.979996,127,131.399994,129.420105,200119000
2020/9/1,132.759995,134.800003,130.529999,134.179993,132.158218,151948100
2020/8/31,127.580002,131,126,129.039993,127.095657,225702700
2020/8/28,126.012497,126.442497,124.577499,124.807503,122.926941,187630000
2020/8/27,127.142502,127.485001,123.832497,125.010002,123.126396,155552400
2020/8/26,126.18,126.9925,125.082497,126.522499,124.616112,163022400
2020/8/25,124.697502,125.18,123.052498,124.824997,122.944168,211495600
2020/8/24,128.697495,128.785004,123.9375,125.857498,123.961128,345937600
2020/8/21,119.262497,124.8675,119.25,124.370003,122.49604,338054800
2020/8/20,115.75,118.392502,115.732498,118.275002,116.492874,126907200
2020/8/19,115.982498,117.162498,115.610001,115.707497,113.964066,145538000
2020/8/18,114.352501,116,114.0075,115.5625,113.821243,105633600
2020/8/17,116.0625,116.087502,113.962502,114.607498,112.88063,119561600
2020/8/14,114.830002,115,113.044998,114.907501,113.176117,165565200
2020/8/13,114.43,116.042503,113.927498,115.010002,113.277069,210082000
2020/8/12,110.497498,113.275002,110.297501,113.010002,111.307213,165598000
2020/8/11,111.970001,112.482498,109.107498,109.375,107.726974,187902400
2020/8/10,112.599998,113.775002,110,112.727501,111.028969,212403600
2020/8/7,113.205002,113.675003,110.292503,111.112503,109.438301,198045600
2020/8/6,110.404999,114.412498,109.797501,113.902496,111.984337,202428800
2020/8/5,109.377502,110.392502,108.897499,110.0625,108.209015,121776800
2020/8/4,109.1325,110.790001,108.387497,109.665001,107.818207,173071600
2020/8/3,108.199997,111.637497,107.892502,108.9375,107.102974,308151200
2020/7/31,102.885002,106.415001,100.824997,106.260002,104.470566,374336800
2020/7/30,94.1875,96.297501,93.767502,96.190002,94.570137,158130000
2020/7/29,93.75,95.230003,93.712502,95.040001,93.439514,90329200
2020/7/28,94.3675,94.550003,93.247498,93.252502,91.682114,103625600
2020/7/27,93.709999,94.904999,93.480003,94.809998,93.213371,121214000
2020/7/24,90.987503,92.970001,89.144997,92.614998,91.055336,185438800
2020/7/23,96.997498,97.077499,92.010002,92.845001,91.281464,197004400
2020/7/22,96.692497,97.974998,96.602501,97.272499,95.634415,89001600
2020/7/21,99.172501,99.25,96.7425,97,95.366493,103433200
2020/7/20,96.417503,98.5,96.0625,98.357498,96.701126,90318000
2020/7/17,96.987503,97.147499,95.839996,96.327499,94.705315,92186800
2020/7/16,96.5625,97.404999,95.904999,96.522499,94.897026,110577600
2020/7/15,98.989998,99.247498,96.489998,97.724998,96.079285,153198000
2020/7/14,94.839996,97.254997,93.877502,97.057503,95.423035,170989200
2020/7/13,97.264999,99.955002,95.2575,95.477501,93.869629,191649200
2020/7/10,95.334999,95.980003,94.705002,95.919998,94.30468,90257200
2020/7/9,96.262497,96.317497,94.672501,95.752502,94.140007,125642800
2020/7/8,94.18,95.375,94.089996,95.342499,93.736908,117092000
2020/7/7,93.852501,94.654999,93.057503,93.172501,91.603439,112424400
2020/7/6,92.5,93.945,92.467499,93.462502,91.888573,118655600